WIDTH=16;
DEPTH=16384;
ADDRESS_RADIX=UNS;
DATA_RADIX=HEX;
CONTENT BEGIN
  0 : 940C;
  1 : 068A;
  2 : 940C;
  3 : 06A9;
  4 : 940C;
  5 : 06A9;
  6 : 940C;
  7 : 06A9;
  8 : 940C;
  9 : 06A9;
  10 : 940C;
  11 : 06A9;
  12 : 940C;
  13 : 06A9;
  14 : 940C;
  15 : 06A9;
  16 : 940C;
  17 : 06A9;
  18 : 940C;
  19 : 06A9;
  20 : 940C;
  21 : 06A9;
  22 : 940C;
  23 : 06A9;
  24 : 940C;
  25 : 06A9;
  26 : 940C;
  27 : 06A9;
  28 : 940C;
  29 : 06A9;
  30 : 940C;
  31 : 06A9;
  32 : 940C;
  33 : 06A9;
  34 : 940C;
  35 : 06A9;
  36 : 940C;
  37 : 06A9;
  38 : 940C;
  39 : 06A9;
  40 : 940C;
  41 : 06A9;
  42 : 940C;
  43 : 06A9;
  44 : 940C;
  45 : 06A9;
  46 : 940C;
  47 : 06A9;
  48 : 940C;
  49 : 06A9;
  50 : 940C;
  51 : 06A9;
  52 : 940C;
  53 : 06A9;
  54 : 940C;
  55 : 06A9;
  56 : 940C;
  57 : 06A9;
  58 : 940C;
  59 : 06A9;
  60 : 940C;
  61 : 06A9;
  62 : 940C;
  63 : 06A9;
  64 : 940C;
  65 : 06A9;
  66 : 940C;
  67 : 06A9;
  68 : 940C;
  69 : 06A9;
  70 : 0000;
  71 : 0000;
  72 : 0000;
  73 : 0000;
  74 : 0800;
  75 : 00B9;
  76 : 07B9;
  77 : 0010;
  78 : 0000;
  79 : 0000;
  80 : 0000;
  81 : 0000;
  82 : 0000;
  83 : 0000;
  84 : 0000;
  85 : 0000;
  86 : 0000;
  87 : 0000;
  88 : 0000;
  89 : 0000;
  90 : 0000;
  91 : 0000;
  92 : A900;
  93 : 9907;
  94 : 8907;
  95 : 7907;
  96 : 6907;
  97 : 5907;
  98 : 4907;
  99 : 3907;
  100 : 2907;
  101 : 1907;
  102 : 0907;
  103 : F907;
  104 : E906;
  105 : D906;
  106 : C906;
  107 : B906;
  108 : A906;
  109 : 9906;
  110 : 8906;
  111 : 7906;
  112 : 6906;
  113 : 5906;
  114 : 4906;
  115 : 3906;
  116 : 2906;
  117 : 1906;
  118 : 0906;
  119 : F906;
  120 : E905;
  121 : D905;
  122 : C905;
  123 : B905;
  124 : A905;
  125 : 9905;
  126 : 8905;
  127 : 7905;
  128 : 6905;
  129 : 5905;
  130 : 4905;
  131 : 3905;
  132 : 2905;
  133 : 1905;
  134 : 0905;
  135 : F905;
  136 : E904;
  137 : C904;
  138 : B904;
  139 : A904;
  140 : 9904;
  141 : 8904;
  142 : 7904;
  143 : 6904;
  144 : 5904;
  145 : 4904;
  146 : 3904;
  147 : 1904;
  148 : 0904;
  149 : F904;
  150 : E903;
  151 : D903;
  152 : C903;
  153 : B903;
  154 : 9903;
  155 : 7903;
  156 : 6903;
  157 : 5903;
  158 : 4903;
  159 : 3903;
  160 : 2903;
  161 : 1903;
  162 : 0903;
  163 : F903;
  164 : E902;
  165 : D902;
  166 : C902;
  167 : B902;
  168 : A902;
  169 : 9902;
  170 : 8902;
  171 : 7902;
  172 : 6902;
  173 : 5902;
  174 : 4902;
  175 : 3902;
  176 : 2902;
  177 : 1902;
  178 : 0902;
  179 : F902;
  180 : E901;
  181 : D901;
  182 : C901;
  183 : B901;
  184 : A901;
  185 : 9901;
  186 : 8901;
  187 : 7901;
  188 : 0001;
  189 : 3000;
  190 : 4848;
  191 : 0030;
  192 : 0000;
  193 : 0000;
  194 : 0000;
  195 : 0000;
  196 : 0000;
  197 : 0000;
  198 : 4C32;
  199 : 0000;
  200 : 0000;
  201 : 0000;
  202 : 0000;
  203 : 0000;
  204 : 0000;
  205 : 2040;
  206 : 2020;
  207 : 2020;
  208 : 1020;
  209 : 2020;
  210 : 2020;
  211 : 2020;
  212 : 0040;
  213 : 4000;
  214 : 4040;
  215 : 4040;
  216 : 4040;
  217 : 4040;
  218 : 4040;
  219 : 4040;
  220 : 0000;
  221 : 2010;
  222 : 2020;
  223 : 2020;
  224 : 4020;
  225 : 2020;
  226 : 2020;
  227 : 2020;
  228 : 0010;
  229 : 0000;
  230 : 0000;
  231 : FC00;
  232 : 0804;
  233 : 4030;
  234 : FC80;
  235 : 0000;
  236 : 0000;
  237 : 0000;
  238 : 0000;
  239 : 8400;
  240 : 8484;
  241 : 8484;
  242 : 344C;
  243 : 0804;
  244 : 0070;
  245 : 0000;
  246 : 0000;
  247 : 8800;
  248 : 5088;
  249 : 5020;
  250 : 8888;
  251 : 0000;
  252 : 0000;
  253 : 0000;
  254 : 0000;
  255 : 8200;
  256 : 8282;
  257 : 9292;
  258 : 44AA;
  259 : 0000;
  260 : 0000;
  261 : 0000;
  262 : 0000;
  263 : 8200;
  264 : 8282;
  265 : 4482;
  266 : 1028;
  267 : 0000;
  268 : 0000;
  269 : 0000;
  270 : 0000;
  271 : 8400;
  272 : 8484;
  273 : 8484;
  274 : 344C;
  275 : 0000;
  276 : 0000;
  277 : 0000;
  278 : 4000;
  279 : E040;
  280 : 4040;
  281 : 4040;
  282 : 3040;
  283 : 0000;
  284 : 0000;
  285 : 0000;
  286 : 0000;
  287 : 7000;
  288 : 8088;
  289 : 0870;
  290 : 7088;
  291 : 0000;
  292 : 0000;
  293 : 0000;
  294 : 0000;
  295 : B000;
  296 : 80C8;
  297 : 8080;
  298 : 8080;
  299 : 0000;
  300 : 0000;
  301 : 0000;
  302 : 0000;
  303 : 3400;
  304 : 844C;
  305 : 8484;
  306 : 344C;
  307 : 0404;
  308 : 0006;
  309 : 0000;
  310 : 0000;
  311 : B000;
  312 : 84C8;
  313 : 8484;
  314 : B0C8;
  315 : 8080;
  316 : 0080;
  317 : 0000;
  318 : 0000;
  319 : 3800;
  320 : 8244;
  321 : 8282;
  322 : 3844;
  323 : 0000;
  324 : 0000;
  325 : 0000;
  326 : 0000;
  327 : B000;
  328 : 84C8;
  329 : 8484;
  330 : 8484;
  331 : 0000;
  332 : 0000;
  333 : 0000;
  334 : 0000;
  335 : AC00;
  336 : 92D2;
  337 : 9292;
  338 : 9292;
  339 : 0000;
  340 : 0000;
  341 : 0000;
  342 : 40C0;
  343 : 4040;
  344 : 4040;
  345 : 4040;
  346 : 4040;
  347 : 0000;
  348 : 0000;
  349 : 0000;
  350 : 8080;
  351 : 8880;
  352 : A090;
  353 : A0C0;
  354 : 8890;
  355 : 0000;
  356 : 0000;
  357 : 0000;
  358 : 1000;
  359 : 3000;
  360 : 1010;
  361 : 1010;
  362 : 1010;
  363 : 9010;
  364 : 0060;
  365 : 0000;
  366 : 4000;
  367 : 4000;
  368 : 4040;
  369 : 4040;
  370 : 4040;
  371 : 0000;
  372 : 0000;
  373 : 0000;
  374 : 8080;
  375 : B080;
  376 : 84C8;
  377 : 8484;
  378 : 8484;
  379 : 0000;
  380 : 0000;
  381 : 0000;
  382 : 0000;
  383 : 3000;
  384 : 844C;
  385 : 8484;
  386 : 344C;
  387 : 0804;
  388 : 0070;
  389 : 0000;
  390 : 4830;
  391 : 4040;
  392 : E040;
  393 : 4040;
  394 : 4040;
  395 : 0000;
  396 : 0000;
  397 : 0000;
  398 : 0000;
  399 : 3800;
  400 : 8444;
  401 : 80F8;
  402 : 3844;
  403 : 0000;
  404 : 0000;
  405 : 0000;
  406 : 0400;
  407 : 3404;
  408 : 844C;
  409 : 8484;
  410 : 344C;
  411 : 0000;
  412 : 0000;
  413 : 0000;
  414 : 0000;
  415 : 3800;
  416 : 8044;
  417 : 8080;
  418 : 3844;
  419 : 0000;
  420 : 0000;
  421 : 0000;
  422 : 8000;
  423 : B080;
  424 : 84C8;
  425 : 8484;
  426 : B0C8;
  427 : 0000;
  428 : 0000;
  429 : 0000;
  430 : 0000;
  431 : 7000;
  432 : 0408;
  433 : 8C74;
  434 : 748C;
  435 : 0000;
  436 : 0000;
  437 : 0000;
  438 : 4040;
  439 : 2040;
  440 : 0000;
  441 : 0000;
  442 : 0000;
  443 : 0000;
  444 : 0000;
  445 : 0000;
  446 : 0000;
  447 : 0000;
  448 : 0000;
  449 : 0000;
  450 : 0000;
  451 : FF00;
  452 : 0000;
  453 : 0000;
  454 : 0000;
  455 : 0000;
  456 : 0000;
  457 : 0000;
  458 : 0000;
  459 : 0000;
  460 : 0000;
  461 : 2810;
  462 : 0044;
  463 : 0000;
  464 : 0000;
  465 : 0000;
  466 : 0000;
  467 : 0000;
  468 : 0000;
  469 : 0000;
  470 : 0000;
  471 : 0000;
  472 : 0000;
  473 : 0000;
  474 : 0000;
  475 : 0000;
  476 : 0000;
  477 : E000;
  478 : 2020;
  479 : 2020;
  480 : 2020;
  481 : 2020;
  482 : 2020;
  483 : 00E0;
  484 : 0000;
  485 : 0400;
  486 : 0804;
  487 : 1008;
  488 : 2010;
  489 : 4020;
  490 : 8040;
  491 : 0080;
  492 : 0000;
  493 : E000;
  494 : 8080;
  495 : 8080;
  496 : 8080;
  497 : 8080;
  498 : 8080;
  499 : 00E0;
  500 : 0000;
  501 : 0000;
  502 : 02FE;
  503 : 0804;
  504 : 1010;
  505 : 4020;
  506 : FE80;
  507 : 0000;
  508 : 0000;
  509 : 0000;
  510 : 8282;
  511 : 4482;
  512 : 1028;
  513 : 1010;
  514 : 1010;
  515 : 0000;
  516 : 0000;
  517 : 0000;
  518 : 8282;
  519 : 2844;
  520 : 1010;
  521 : 4428;
  522 : 8282;
  523 : 0000;
  524 : 0000;
  525 : 0000;
  526 : 0000;
  527 : 8000;
  528 : 8080;
  529 : 8080;
  530 : 8880;
  531 : 8880;
  532 : 4980;
  533 : 5500;
  534 : 5500;
  535 : 2200;
  536 : 2200;
  537 : 0000;
  538 : 0000;
  539 : 0000;
  540 : 0000;
  541 : 0000;
  542 : 8282;
  543 : 8282;
  544 : 4444;
  545 : 2828;
  546 : 1010;
  547 : 0000;
  548 : 0000;
  549 : 0000;
  550 : 8282;
  551 : 8282;
  552 : 8282;
  553 : 8282;
  554 : 3844;
  555 : 0000;
  556 : 0000;
  557 : 0000;
  558 : 10FE;
  559 : 1010;
  560 : 1010;
  561 : 1010;
  562 : 1010;
  563 : 0000;
  564 : 0000;
  565 : 0000;
  566 : 4438;
  567 : 8082;
  568 : 1C60;
  569 : 8202;
  570 : 3844;
  571 : 0000;
  572 : 0000;
  573 : 0000;
  574 : 84F8;
  575 : 8282;
  576 : F884;
  577 : 8890;
  578 : 8284;
  579 : 0000;
  580 : 0000;
  581 : 0000;
  582 : 4438;
  583 : 8282;
  584 : 8282;
  585 : 8282;
  586 : 3844;
  587 : 0608;
  588 : 0000;
  589 : 0000;
  590 : 84F8;
  591 : 8282;
  592 : 8482;
  593 : 80F8;
  594 : 8080;
  595 : 0000;
  596 : 0000;
  597 : 0000;
  598 : 4438;
  599 : 8282;
  600 : 8282;
  601 : 8282;
  602 : 3844;
  603 : 0000;
  604 : 0000;
  605 : 0000;
  606 : C2C2;
  607 : A2A2;
  608 : 9292;
  609 : 8A8A;
  610 : 8686;
  611 : 0000;
  612 : 0000;
  613 : 0000;
  614 : 0000;
  615 : C100;
  616 : C180;
  617 : A280;
  618 : A280;
  619 : 9480;
  620 : 9480;
  621 : 8880;
  622 : 8880;
  623 : 8080;
  624 : 8080;
  625 : 0080;
  626 : 0000;
  627 : 0000;
  628 : 0000;
  629 : 0000;
  630 : 8080;
  631 : 8080;
  632 : 8080;
  633 : 8080;
  634 : FC80;
  635 : 0000;
  636 : 0000;
  637 : 0000;
  638 : 8884;
  639 : A090;
  640 : A0C0;
  641 : 8890;
  642 : 8284;
  643 : 0000;
  644 : 0000;
  645 : 0000;
  646 : 0202;
  647 : 0202;
  648 : 0202;
  649 : 8202;
  650 : 3844;
  651 : 0000;
  652 : 0000;
  653 : 0000;
  654 : 40E0;
  655 : 4040;
  656 : 4040;
  657 : 4040;
  658 : E040;
  659 : 0000;
  660 : 0000;
  661 : 0000;
  662 : 8484;
  663 : 8484;
  664 : 84FC;
  665 : 8484;
  666 : 8484;
  667 : 0000;
  668 : 0000;
  669 : 0000;
  670 : 423C;
  671 : 8080;
  672 : 9C80;
  673 : 8282;
  674 : 3C42;
  675 : 0000;
  676 : 0000;
  677 : 0000;
  678 : 80FE;
  679 : 8080;
  680 : 80F8;
  681 : 8080;
  682 : 8080;
  683 : 0000;
  684 : 0000;
  685 : 0000;
  686 : 80FE;
  687 : 8080;
  688 : 80FC;
  689 : 8080;
  690 : FE80;
  691 : 0000;
  692 : 0000;
  693 : 0000;
  694 : 84F8;
  695 : 8282;
  696 : 8282;
  697 : 8282;
  698 : F884;
  699 : 0000;
  700 : 0000;
  701 : 0000;
  702 : 423C;
  703 : 8080;
  704 : 8080;
  705 : 8080;
  706 : 3C42;
  707 : 0000;
  708 : 0000;
  709 : 0000;
  710 : 84F8;
  711 : 8482;
  712 : 84F8;
  713 : 8282;
  714 : F884;
  715 : 0000;
  716 : 0000;
  717 : 0000;
  718 : 1010;
  719 : 2828;
  720 : 4444;
  721 : 827C;
  722 : 8282;
  723 : 0000;
  724 : 0000;
  725 : 0000;
  726 : 423C;
  727 : A599;
  728 : A5A5;
  729 : 9EA5;
  730 : 3E40;
  731 : 0000;
  732 : 0000;
  733 : 0000;
  734 : 4438;
  735 : 0282;
  736 : 0804;
  737 : 1010;
  738 : 1000;
  739 : 0000;
  740 : 0000;
  741 : 0000;
  742 : 8000;
  743 : 2040;
  744 : 0810;
  745 : 2010;
  746 : 8040;
  747 : 0000;
  748 : 0000;
  749 : 0000;
  750 : 0000;
  751 : 0000;
  752 : 00F8;
  753 : 00F8;
  754 : 0000;
  755 : 0000;
  756 : 0000;
  757 : 0000;
  758 : 0800;
  759 : 2010;
  760 : 8040;
  761 : 2040;
  762 : 0810;
  763 : 0000;
  764 : 0000;
  765 : 0000;
  766 : 0000;
  767 : C000;
  768 : 00C0;
  769 : C0C0;
  770 : 8040;
  771 : 0000;
  772 : 0000;
  773 : 0000;
  774 : 0000;
  775 : C000;
  776 : 00C0;
  777 : C0C0;
  778 : 0000;
  779 : 0000;
  780 : 0000;
  781 : 0000;
  782 : 4438;
  783 : 8282;
  784 : 3A46;
  785 : 0202;
  786 : 7804;
  787 : 0000;
  788 : 0000;
  789 : 0000;
  790 : 4438;
  791 : 4482;
  792 : 4438;
  793 : 8282;
  794 : 3844;
  795 : 0000;
  796 : 0000;
  797 : 0000;
  798 : 027E;
  799 : 0402;
  800 : 0804;
  801 : 1008;
  802 : 1010;
  803 : 0000;
  804 : 0000;
  805 : 0000;
  806 : 403C;
  807 : 8080;
  808 : C4B8;
  809 : 8282;
  810 : 3844;
  811 : 0000;
  812 : 0000;
  813 : 0000;
  814 : 80FC;
  815 : 8080;
  816 : 04F8;
  817 : 0202;
  818 : 7884;
  819 : 0000;
  820 : 0000;
  821 : 0000;
  822 : 0C04;
  823 : 2414;
  824 : 8444;
  825 : 04FE;
  826 : 0404;
  827 : 0000;
  828 : 0000;
  829 : 0000;
  830 : 8478;
  831 : 0402;
  832 : 0438;
  833 : 0202;
  834 : 7884;
  835 : 0000;
  836 : 0000;
  837 : 0000;
  838 : 4438;
  839 : 0282;
  840 : 1804;
  841 : 4020;
  842 : FE80;
  843 : 0000;
  844 : 0000;
  845 : 0000;
  846 : 3010;
  847 : 1050;
  848 : 1010;
  849 : 1010;
  850 : 7C10;
  851 : 0000;
  852 : 0000;
  853 : 0000;
  854 : 4438;
  855 : 8244;
  856 : 8282;
  857 : 4482;
  858 : 3844;
  859 : 0000;
  860 : 0000;
  861 : 0400;
  862 : 0804;
  863 : 1008;
  864 : 2010;
  865 : 4020;
  866 : 8040;
  867 : 0080;
  868 : 0000;
  869 : 0000;
  870 : 0000;
  871 : 0000;
  872 : 0000;
  873 : 0000;
  874 : C0C0;
  875 : 0000;
  876 : 0000;
  877 : 0000;
  878 : 0000;
  879 : 0000;
  880 : F800;
  881 : 0000;
  882 : 0000;
  883 : 0000;
  884 : 0000;
  885 : 0000;
  886 : 0000;
  887 : 0000;
  888 : 0000;
  889 : 0000;
  890 : C0C0;
  891 : 8040;
  892 : 0000;
  893 : 0000;
  894 : 0000;
  895 : 2000;
  896 : F820;
  897 : 2020;
  898 : 0000;
  899 : 0000;
  900 : 0000;
  901 : 0000;
  902 : 1000;
  903 : 5492;
  904 : 5438;
  905 : 1092;
  906 : 0000;
  907 : 0000;
  908 : 0000;
  909 : 20C0;
  910 : 0810;
  911 : 0408;
  912 : 0404;
  913 : 0404;
  914 : 0808;
  915 : 2010;
  916 : 00C0;
  917 : 100C;
  918 : 4020;
  919 : 8040;
  920 : 8080;
  921 : 8080;
  922 : 4040;
  923 : 1020;
  924 : 000C;
  925 : 4000;
  926 : 4040;
  927 : 0080;
  928 : 0000;
  929 : 0000;
  930 : 0000;
  931 : 0000;
  932 : 0000;
  933 : 0000;
  934 : 5020;
  935 : 8888;
  936 : 2050;
  937 : 8C52;
  938 : 738C;
  939 : 0000;
  940 : 0000;
  941 : 0000;
  942 : 9161;
  943 : 6492;
  944 : 1008;
  945 : 4926;
  946 : 8689;
  947 : 0000;
  948 : 0000;
  949 : 0000;
  950 : 423C;
  951 : 4040;
  952 : 4070;
  953 : 4070;
  954 : FE40;
  955 : 0000;
  956 : 0000;
  957 : 0000;
  958 : 2424;
  959 : FF24;
  960 : 2424;
  961 : 24FF;
  962 : 2424;
  963 : 0000;
  964 : 0000;
  965 : A000;
  966 : A0A0;
  967 : 0000;
  968 : 0000;
  969 : 0000;
  970 : 0000;
  971 : 0000;
  972 : 0000;
  973 : 0000;
  974 : 4040;
  975 : 4040;
  976 : 4040;
  977 : 4040;
  978 : 4000;
  979 : 0000;
  980 : 0000;
  981 : 0000;
  982 : 0000;
  983 : 0000;
  984 : 0000;
  985 : 0000;
  986 : 0000;
  987 : 0000;
  988 : 0600;
  989 : 0403;
  990 : 0809;
  991 : 0909;
  992 : 0703;
  993 : 0807;
  994 : 0306;
  995 : 0506;
  996 : 0807;
  997 : 0808;
  998 : 0808;
  999 : 0808;
  1000 : 0808;
  1001 : 0308;
  1002 : 0603;
  1003 : 0606;
  1004 : 0908;
  1005 : 0808;
  1006 : 0808;
  1007 : 0808;
  1008 : 0808;
  1009 : 0804;
  1010 : 0708;
  1011 : 080A;
  1012 : 0808;
  1013 : 0808;
  1014 : 0808;
  1015 : 0808;
  1016 : 080A;
  1017 : 0808;
  1018 : 0704;
  1019 : 0704;
  1020 : 0409;
  1021 : 0707;
  1022 : 0707;
  1023 : 0607;
  1024 : 0707;
  1025 : 0504;
  1026 : 0406;
  1027 : 0708;
  1028 : 0708;
  1029 : 0608;
  1030 : 0506;
  1031 : 0807;
  1032 : 0608;
  1033 : 0707;
  1034 : 0305;
  1035 : 0805;
  1036 : 0006;
  1037 : 0000;
  1038 : 0000;
  1039 : 5B3E;
  1040 : 5B4F;
  1041 : 3E3E;
  1042 : 4F6B;
  1043 : 3E6B;
  1044 : 3E1C;
  1045 : 3E7C;
  1046 : 181C;
  1047 : 7E3C;
  1048 : 183C;
  1049 : 571C;
  1050 : 577D;
  1051 : 1C1C;
  1052 : 7F5E;
  1053 : 1C5E;
  1054 : 1800;
  1055 : 183C;
  1056 : FF00;
  1057 : C3E7;
  1058 : FFE7;
  1059 : 1800;
  1060 : 1824;
  1061 : FF00;
  1062 : DBE7;
  1063 : FFE7;
  1064 : 4830;
  1065 : 063A;
  1066 : 260E;
  1067 : 7929;
  1068 : 2629;
  1069 : 7F40;
  1070 : 0505;
  1071 : 4007;
  1072 : 057F;
  1073 : 3F25;
  1074 : 3C5A;
  1075 : 3CE7;
  1076 : 7F5A;
  1077 : 1C3E;
  1078 : 081C;
  1079 : 1C08;
  1080 : 3E1C;
  1081 : 147F;
  1082 : 7F22;
  1083 : 1422;
  1084 : 5F5F;
  1085 : 5F00;
  1086 : 065F;
  1087 : 7F09;
  1088 : 7F01;
  1089 : 6600;
  1090 : 9589;
  1091 : 606A;
  1092 : 6060;
  1093 : 6060;
  1094 : A294;
  1095 : A2FF;
  1096 : 0894;
  1097 : 7E04;
  1098 : 0804;
  1099 : 2010;
  1100 : 207E;
  1101 : 0810;
  1102 : 2A08;
  1103 : 081C;
  1104 : 1C08;
  1105 : 082A;
  1106 : 1E08;
  1107 : 1010;
  1108 : 1010;
  1109 : 1E0C;
  1110 : 1E0C;
  1111 : 300C;
  1112 : 3E38;
  1113 : 3038;
  1114 : 0E06;
  1115 : 0E3E;
  1116 : 0006;
  1117 : 0000;
  1118 : 0000;
  1119 : 0000;
  1120 : 005F;
  1121 : 0000;
  1122 : 0007;
  1123 : 0007;
  1124 : 7F14;
  1125 : 7F14;
  1126 : 2414;
  1127 : 7F2A;
  1128 : 122A;
  1129 : 1323;
  1130 : 6408;
  1131 : 3662;
  1132 : 5649;
  1133 : 5020;
  1134 : 0800;
  1135 : 0307;
  1136 : 0000;
  1137 : 221C;
  1138 : 0041;
  1139 : 4100;
  1140 : 1C22;
  1141 : 2A00;
  1142 : 7F1C;
  1143 : 2A1C;
  1144 : 0808;
  1145 : 083E;
  1146 : 0008;
  1147 : 7080;
  1148 : 0030;
  1149 : 0808;
  1150 : 0808;
  1151 : 0008;
  1152 : 6000;
  1153 : 0060;
  1154 : 1020;
  1155 : 0408;
  1156 : 3E02;
  1157 : 4951;
  1158 : 3E45;
  1159 : 4200;
  1160 : 407F;
  1161 : 7200;
  1162 : 4949;
  1163 : 4649;
  1164 : 4121;
  1165 : 4D49;
  1166 : 1833;
  1167 : 1214;
  1168 : 107F;
  1169 : 4527;
  1170 : 4545;
  1171 : 3C39;
  1172 : 494A;
  1173 : 3149;
  1174 : 2141;
  1175 : 0911;
  1176 : 3607;
  1177 : 4949;
  1178 : 3649;
  1179 : 4946;
  1180 : 2949;
  1181 : 001E;
  1182 : 1400;
  1183 : 0000;
  1184 : 4000;
  1185 : 0034;
  1186 : 0000;
  1187 : 1408;
  1188 : 4122;
  1189 : 1414;
  1190 : 1414;
  1191 : 0014;
  1192 : 2241;
  1193 : 0814;
  1194 : 0102;
  1195 : 0959;
  1196 : 3E06;
  1197 : 5D41;
  1198 : 4E59;
  1199 : 127C;
  1200 : 1211;
  1201 : 7F7C;
  1202 : 4949;
  1203 : 3649;
  1204 : 413E;
  1205 : 4141;
  1206 : 7F22;
  1207 : 4141;
  1208 : 3E41;
  1209 : 497F;
  1210 : 4949;
  1211 : 7F41;
  1212 : 0909;
  1213 : 0109;
  1214 : 413E;
  1215 : 5141;
  1216 : 7F73;
  1217 : 0808;
  1218 : 7F08;
  1219 : 4100;
  1220 : 417F;
  1221 : 2000;
  1222 : 4140;
  1223 : 013F;
  1224 : 087F;
  1225 : 2214;
  1226 : 7F41;
  1227 : 4040;
  1228 : 4040;
  1229 : 027F;
  1230 : 021C;
  1231 : 7F7F;
  1232 : 0804;
  1233 : 7F10;
  1234 : 413E;
  1235 : 4141;
  1236 : 7F3E;
  1237 : 0909;
  1238 : 0609;
  1239 : 413E;
  1240 : 2151;
  1241 : 7F5E;
  1242 : 1909;
  1243 : 4629;
  1244 : 4926;
  1245 : 4949;
  1246 : 0332;
  1247 : 7F01;
  1248 : 0301;
  1249 : 403F;
  1250 : 4040;
  1251 : 1F3F;
  1252 : 4020;
  1253 : 1F20;
  1254 : 403F;
  1255 : 4038;
  1256 : 633F;
  1257 : 0814;
  1258 : 6314;
  1259 : 0403;
  1260 : 0478;
  1261 : 6103;
  1262 : 4959;
  1263 : 434D;
  1264 : 7F00;
  1265 : 4141;
  1266 : 0241;
  1267 : 0804;
  1268 : 2010;
  1269 : 4100;
  1270 : 4141;
  1271 : 047F;
  1272 : 0102;
  1273 : 0402;
  1274 : 4040;
  1275 : 4040;
  1276 : 0040;
  1277 : 0703;
  1278 : 0008;
  1279 : 5420;
  1280 : 7854;
  1281 : 7F40;
  1282 : 4428;
  1283 : 3844;
  1284 : 4438;
  1285 : 4444;
  1286 : 3828;
  1287 : 4444;
  1288 : 7F28;
  1289 : 5438;
  1290 : 5454;
  1291 : 0018;
  1292 : 7E08;
  1293 : 0209;
  1294 : A418;
  1295 : 9CA4;
  1296 : 7F78;
  1297 : 0408;
  1298 : 7804;
  1299 : 4400;
  1300 : 407D;
  1301 : 2000;
  1302 : 4040;
  1303 : 003D;
  1304 : 107F;
  1305 : 4428;
  1306 : 0000;
  1307 : 7F41;
  1308 : 0040;
  1309 : 047C;
  1310 : 0478;
  1311 : 7C78;
  1312 : 0408;
  1313 : 7804;
  1314 : 4438;
  1315 : 4444;
  1316 : FC38;
  1317 : 2418;
  1318 : 1824;
  1319 : 2418;
  1320 : 1824;
  1321 : 7CFC;
  1322 : 0408;
  1323 : 0804;
  1324 : 5448;
  1325 : 5454;
  1326 : 0424;
  1327 : 3F04;
  1328 : 2444;
  1329 : 403C;
  1330 : 2040;
  1331 : 1C7C;
  1332 : 4020;
  1333 : 1C20;
  1334 : 403C;
  1335 : 4030;
  1336 : 443C;
  1337 : 1028;
  1338 : 4428;
  1339 : 904C;
  1340 : 9090;
  1341 : 447C;
  1342 : 5464;
  1343 : 444C;
  1344 : 0800;
  1345 : 4136;
  1346 : 0000;
  1347 : 7700;
  1348 : 0000;
  1349 : 4100;
  1350 : 0836;
  1351 : 0200;
  1352 : 0201;
  1353 : 0204;
  1354 : 263C;
  1355 : 2623;
  1356 : 1E3C;
  1357 : A1A1;
  1358 : 1261;
  1359 : 403A;
  1360 : 2040;
  1361 : 387A;
  1362 : 5454;
  1363 : 5955;
  1364 : 5521;
  1365 : 7955;
  1366 : 2141;
  1367 : 5454;
  1368 : 4178;
  1369 : 5521;
  1370 : 7854;
  1371 : 2040;
  1372 : 5554;
  1373 : 4079;
  1374 : 1E0C;
  1375 : 7252;
  1376 : 3912;
  1377 : 5555;
  1378 : 5955;
  1379 : 5439;
  1380 : 5454;
  1381 : 3959;
  1382 : 5455;
  1383 : 5854;
  1384 : 0000;
  1385 : 7C45;
  1386 : 0041;
  1387 : 4502;
  1388 : 427D;
  1389 : 0100;
  1390 : 7C45;
  1391 : F040;
  1392 : 2429;
  1393 : F029;
  1394 : 28F0;
  1395 : 2825;
  1396 : 7CF0;
  1397 : 5554;
  1398 : 0045;
  1399 : 5420;
  1400 : 7C54;
  1401 : 7C54;
  1402 : 090A;
  1403 : 497F;
  1404 : 4932;
  1405 : 4949;
  1406 : 3232;
  1407 : 4848;
  1408 : 3248;
  1409 : 4A32;
  1410 : 4848;
  1411 : 3A30;
  1412 : 4141;
  1413 : 7A21;
  1414 : 423A;
  1415 : 2040;
  1416 : 0078;
  1417 : A09D;
  1418 : 7DA0;
  1419 : 4439;
  1420 : 4444;
  1421 : 3D39;
  1422 : 4040;
  1423 : 3D40;
  1424 : 243C;
  1425 : 24FF;
  1426 : 4824;
  1427 : 497E;
  1428 : 6643;
  1429 : 2F2B;
  1430 : 2FFC;
  1431 : FF2B;
  1432 : 2909;
  1433 : 20F6;
  1434 : 88C0;
  1435 : 097E;
  1436 : 2003;
  1437 : 5454;
  1438 : 4179;
  1439 : 0000;
  1440 : 7D44;
  1441 : 3041;
  1442 : 4848;
  1443 : 324A;
  1444 : 4038;
  1445 : 2240;
  1446 : 007A;
  1447 : 0A7A;
  1448 : 720A;
  1449 : 0D7D;
  1450 : 3119;
  1451 : 267D;
  1452 : 2929;
  1453 : 282F;
  1454 : 2926;
  1455 : 2929;
  1456 : 3026;
  1457 : 4D48;
  1458 : 2040;
  1459 : 0838;
  1460 : 0808;
  1461 : 0808;
  1462 : 0808;
  1463 : 3808;
  1464 : 102F;
  1465 : ACC8;
  1466 : 2FBA;
  1467 : 2810;
  1468 : FA34;
  1469 : 0000;
  1470 : 007B;
  1471 : 0800;
  1472 : 2A14;
  1473 : 2214;
  1474 : 1422;
  1475 : 142A;
  1476 : AA08;
  1477 : 5500;
  1478 : AA00;
  1479 : 55AA;
  1480 : 55AA;
  1481 : 00AA;
  1482 : 0000;
  1483 : 00FF;
  1484 : 1010;
  1485 : FF10;
  1486 : 1400;
  1487 : 1414;
  1488 : 00FF;
  1489 : 1010;
  1490 : 00FF;
  1491 : 10FF;
  1492 : F010;
  1493 : F010;
  1494 : 1414;
  1495 : FC14;
  1496 : 1400;
  1497 : F714;
  1498 : FF00;
  1499 : 0000;
  1500 : 00FF;
  1501 : 14FF;
  1502 : F414;
  1503 : FC04;
  1504 : 1414;
  1505 : 1017;
  1506 : 101F;
  1507 : 1F10;
  1508 : 1F10;
  1509 : 1414;
  1510 : 1F14;
  1511 : 1000;
  1512 : 1010;
  1513 : 00F0;
  1514 : 0000;
  1515 : 1F00;
  1516 : 1010;
  1517 : 1010;
  1518 : 101F;
  1519 : 1010;
  1520 : F010;
  1521 : 0010;
  1522 : 0000;
  1523 : 10FF;
  1524 : 1010;
  1525 : 1010;
  1526 : 1010;
  1527 : 1010;
  1528 : 10FF;
  1529 : 0000;
  1530 : FF00;
  1531 : 0014;
  1532 : FF00;
  1533 : FF00;
  1534 : 0000;
  1535 : 101F;
  1536 : 0017;
  1537 : FC00;
  1538 : F404;
  1539 : 1414;
  1540 : 1017;
  1541 : 1417;
  1542 : F414;
  1543 : F404;
  1544 : 0000;
  1545 : 00FF;
  1546 : 14F7;
  1547 : 1414;
  1548 : 1414;
  1549 : 1414;
  1550 : 00F7;
  1551 : 14F7;
  1552 : 1414;
  1553 : 1417;
  1554 : 1010;
  1555 : 101F;
  1556 : 141F;
  1557 : 1414;
  1558 : 14F4;
  1559 : 1010;
  1560 : 10F0;
  1561 : 00F0;
  1562 : 1F00;
  1563 : 1F10;
  1564 : 0000;
  1565 : 1F00;
  1566 : 0014;
  1567 : 0000;
  1568 : 14FC;
  1569 : 0000;
  1570 : 10F0;
  1571 : 10F0;
  1572 : FF10;
  1573 : FF10;
  1574 : 1414;
  1575 : FF14;
  1576 : 1014;
  1577 : 1010;
  1578 : 001F;
  1579 : 0000;
  1580 : F000;
  1581 : FF10;
  1582 : FFFF;
  1583 : FFFF;
  1584 : F0F0;
  1585 : F0F0;
  1586 : FFF0;
  1587 : FFFF;
  1588 : 0000;
  1589 : 0000;
  1590 : FF00;
  1591 : 0FFF;
  1592 : 0F0F;
  1593 : 0F0F;
  1594 : 4438;
  1595 : 3844;
  1596 : 7C44;
  1597 : 2A2A;
  1598 : 143E;
  1599 : 027E;
  1600 : 0602;
  1601 : 0206;
  1602 : 027E;
  1603 : 027E;
  1604 : 5563;
  1605 : 4149;
  1606 : 3863;
  1607 : 4444;
  1608 : 043C;
  1609 : 7E40;
  1610 : 1E20;
  1611 : 0620;
  1612 : 7E02;
  1613 : 0202;
  1614 : A599;
  1615 : A5E7;
  1616 : 1C99;
  1617 : 492A;
  1618 : 1C2A;
  1619 : 724C;
  1620 : 7201;
  1621 : 304C;
  1622 : 4D4A;
  1623 : 304D;
  1624 : 4830;
  1625 : 4878;
  1626 : BC30;
  1627 : 5A62;
  1628 : 3D46;
  1629 : 493E;
  1630 : 4949;
  1631 : 7E00;
  1632 : 0101;
  1633 : 7E01;
  1634 : 2A2A;
  1635 : 2A2A;
  1636 : 442A;
  1637 : 5F44;
  1638 : 4444;
  1639 : 5140;
  1640 : 444A;
  1641 : 4040;
  1642 : 4A44;
  1643 : 4051;
  1644 : 0000;
  1645 : 01FF;
  1646 : E003;
  1647 : FF80;
  1648 : 0000;
  1649 : 0808;
  1650 : 6B6B;
  1651 : 3608;
  1652 : 3612;
  1653 : 3624;
  1654 : 0F06;
  1655 : 0F09;
  1656 : 0006;
  1657 : 1800;
  1658 : 0018;
  1659 : 0000;
  1660 : 1010;
  1661 : 3000;
  1662 : FF40;
  1663 : 0101;
  1664 : 1F00;
  1665 : 0101;
  1666 : 001E;
  1667 : 1D19;
  1668 : 1217;
  1669 : 3C00;
  1670 : 3C3C;
  1671 : 003C;
  1672 : 0000;
  1673 : 0000;
  1674 : 2411;
  1675 : BE1F;
  1676 : EFCF;
  1677 : E1D0;
  1678 : BFDE;
  1679 : BFCD;
  1680 : E013;
  1681 : E0A0;
  1682 : E0B1;
  1683 : ECEC;
  1684 : E5FB;
  1685 : E000;
  1686 : BF0B;
  1687 : C002;
  1688 : 9007;
  1689 : 920D;
  1690 : 3FAA;
  1691 : 07B1;
  1692 : F7D9;
  1693 : E024;
  1694 : EFAA;
  1695 : E0B3;
  1696 : C001;
  1697 : 921D;
  1698 : 3BA8;
  1699 : 07B2;
  1700 : F7E1;
  1701 : 940E;
  1702 : 2767;
  1703 : 940C;
  1704 : 2DC9;
  1705 : 940C;
  1706 : 0000;
  1707 : 9977;
  1708 : CFFE;
  1709 : E092;
  1710 : B99F;
  1711 : B98D;
  1712 : 9508;
  1713 : 9977;
  1714 : CFFE;
  1715 : E093;
  1716 : B99F;
  1717 : B98D;
  1718 : 9508;
  1719 : 93CF;
  1720 : 93DF;
  1721 : 920F;
  1722 : B7CD;
  1723 : B7DE;
  1724 : 8389;
  1725 : 2F89;
  1726 : 940E;
  1727 : 06B1;
  1728 : 8189;
  1729 : 900F;
  1730 : 91DF;
  1731 : 91CF;
  1732 : 940C;
  1733 : 06B1;
  1734 : B81F;
  1735 : EF2F;
  1736 : EF88;
  1737 : E195;
  1738 : 5021;
  1739 : 4080;
  1740 : 4090;
  1741 : F7E1;
  1742 : C000;
  1743 : 0000;
  1744 : E082;
  1745 : B98F;
  1746 : EF2F;
  1747 : EF88;
  1748 : E195;
  1749 : 5021;
  1750 : 4080;
  1751 : 4090;
  1752 : F7E1;
  1753 : C000;
  1754 : 0000;
  1755 : E081;
  1756 : 940E;
  1757 : 06AB;
  1758 : EF2F;
  1759 : EF88;
  1760 : E195;
  1761 : 5021;
  1762 : 4080;
  1763 : 4090;
  1764 : F7E1;
  1765 : C000;
  1766 : 0000;
  1767 : E181;
  1768 : 940E;
  1769 : 06AB;
  1770 : EF2F;
  1771 : EF88;
  1772 : E195;
  1773 : 5021;
  1774 : 4080;
  1775 : 4090;
  1776 : F7E1;
  1777 : C000;
  1778 : 0000;
  1779 : EF80;
  1780 : 940E;
  1781 : 06AB;
  1782 : EC83;
  1783 : 940E;
  1784 : 06B1;
  1785 : EF80;
  1786 : 940E;
  1787 : 06AB;
  1788 : E986;
  1789 : 940E;
  1790 : 06B1;
  1791 : E386;
  1792 : 940E;
  1793 : 06AB;
  1794 : E488;
  1795 : 940E;
  1796 : 06B1;
  1797 : E38A;
  1798 : 940E;
  1799 : 06AB;
  1800 : E585;
  1801 : 940E;
  1802 : 06B1;
  1803 : EB84;
  1804 : 940E;
  1805 : 06AB;
  1806 : E081;
  1807 : 940E;
  1808 : 06B1;
  1809 : EB86;
  1810 : 940E;
  1811 : 06AB;
  1812 : E880;
  1813 : 940E;
  1814 : 06B1;
  1815 : E082;
  1816 : 940E;
  1817 : 06B1;
  1818 : E38B;
  1819 : 940E;
  1820 : 06B1;
  1821 : EE88;
  1822 : 940E;
  1823 : 06AB;
  1824 : E480;
  1825 : 940E;
  1826 : 06B1;
  1827 : E88A;
  1828 : 940E;
  1829 : 06B1;
  1830 : E080;
  1831 : 940E;
  1832 : 06B1;
  1833 : E080;
  1834 : 940E;
  1835 : 06B1;
  1836 : E289;
  1837 : 940E;
  1838 : 06B1;
  1839 : E189;
  1840 : 940E;
  1841 : 06B1;
  1842 : EA85;
  1843 : 940E;
  1844 : 06B1;
  1845 : E383;
  1846 : 940E;
  1847 : 06B1;
  1848 : EC81;
  1849 : 940E;
  1850 : 06AB;
  1851 : E086;
  1852 : 940E;
  1853 : 06B1;
  1854 : EC82;
  1855 : 940E;
  1856 : 06AB;
  1857 : EA87;
  1858 : 940E;
  1859 : 06B1;
  1860 : EC85;
  1861 : 940E;
  1862 : 06AB;
  1863 : E188;
  1864 : 940E;
  1865 : 06B1;
  1866 : EF2F;
  1867 : EF88;
  1868 : E195;
  1869 : 5021;
  1870 : 4080;
  1871 : 4090;
  1872 : F7E1;
  1873 : C000;
  1874 : 0000;
  1875 : EE80;
  1876 : 940E;
  1877 : 06AB;
  1878 : EF80;
  1879 : 940E;
  1880 : 06B1;
  1881 : E089;
  1882 : 940E;
  1883 : 06B1;
  1884 : E08B;
  1885 : 940E;
  1886 : 06B1;
  1887 : E086;
  1888 : 940E;
  1889 : 06B1;
  1890 : E084;
  1891 : 940E;
  1892 : 06B1;
  1893 : E185;
  1894 : 940E;
  1895 : 06B1;
  1896 : E28F;
  1897 : 940E;
  1898 : 06B1;
  1899 : E584;
  1900 : 940E;
  1901 : 06B1;
  1902 : E482;
  1903 : 940E;
  1904 : 06B1;
  1905 : E38C;
  1906 : 940E;
  1907 : 06B1;
  1908 : E187;
  1909 : 940E;
  1910 : 06B1;
  1911 : E184;
  1912 : 940E;
  1913 : 06B1;
  1914 : E188;
  1915 : 940E;
  1916 : 06B1;
  1917 : E18B;
  1918 : 940E;
  1919 : 06B1;
  1920 : EE81;
  1921 : 940E;
  1922 : 06AB;
  1923 : EE80;
  1924 : 940E;
  1925 : 06B1;
  1926 : E089;
  1927 : 940E;
  1928 : 06B1;
  1929 : E08B;
  1930 : 940E;
  1931 : 06B1;
  1932 : E086;
  1933 : 940E;
  1934 : 06B1;
  1935 : E084;
  1936 : 940E;
  1937 : 06B1;
  1938 : E083;
  1939 : 940E;
  1940 : 06B1;
  1941 : E28B;
  1942 : 940E;
  1943 : 06B1;
  1944 : E483;
  1945 : 940E;
  1946 : 06B1;
  1947 : E482;
  1948 : 940E;
  1949 : 06B1;
  1950 : E38B;
  1951 : 940E;
  1952 : 06B1;
  1953 : E186;
  1954 : 940E;
  1955 : 06B1;
  1956 : E184;
  1957 : 940E;
  1958 : 06B1;
  1959 : E187;
  1960 : 940E;
  1961 : 06B1;
  1962 : E18B;
  1963 : 940E;
  1964 : 06B1;
  1965 : EF2F;
  1966 : EF88;
  1967 : E195;
  1968 : 5021;
  1969 : 4080;
  1970 : 4090;
  1971 : F7E1;
  1972 : C000;
  1973 : 0000;
  1974 : EF80;
  1975 : 940E;
  1976 : 06AB;
  1977 : E38C;
  1978 : 940E;
  1979 : 06B1;
  1980 : EF80;
  1981 : 940E;
  1982 : 06AB;
  1983 : E689;
  1984 : 940E;
  1985 : 06B1;
  1986 : EF2F;
  1987 : EF88;
  1988 : E195;
  1989 : 5021;
  1990 : 4080;
  1991 : 4090;
  1992 : F7E1;
  1993 : C000;
  1994 : 0000;
  1995 : E289;
  1996 : 940E;
  1997 : 06AB;
  1998 : EF2F;
  1999 : EF88;
  2000 : E195;
  2001 : 5021;
  2002 : 4080;
  2003 : 4090;
  2004 : F7E1;
  2005 : C000;
  2006 : 0000;
  2007 : 9508;
  2008 : 93CF;
  2009 : 93DF;
  2010 : B7CD;
  2011 : B7DE;
  2012 : 9728;
  2013 : B60F;
  2014 : 94F8;
  2015 : BFDE;
  2016 : BE0F;
  2017 : BFCD;
  2018 : 8389;
  2019 : 839A;
  2020 : 836B;
  2021 : 837C;
  2022 : 834D;
  2023 : 835E;
  2024 : 832F;
  2025 : 8738;
  2026 : E28A;
  2027 : 940E;
  2028 : 06AB;
  2029 : 818A;
  2030 : 940E;
  2031 : 06B1;
  2032 : 8189;
  2033 : 940E;
  2034 : 06B1;
  2035 : 818E;
  2036 : 940E;
  2037 : 06B1;
  2038 : 818D;
  2039 : 940E;
  2040 : 06B1;
  2041 : E28B;
  2042 : 940E;
  2043 : 06AB;
  2044 : 818C;
  2045 : 940E;
  2046 : 06B1;
  2047 : 818B;
  2048 : 940E;
  2049 : 06B1;
  2050 : 8588;
  2051 : 940E;
  2052 : 06B1;
  2053 : 818F;
  2054 : 940E;
  2055 : 06B1;
  2056 : E28C;
  2057 : 9628;
  2058 : B60F;
  2059 : 94F8;
  2060 : BFDE;
  2061 : BE0F;
  2062 : BFCD;
  2063 : 91DF;
  2064 : 91CF;
  2065 : 940C;
  2066 : 06AB;
  2067 : 92EF;
  2068 : 92FF;
  2069 : 930F;
  2070 : 931F;
  2071 : 93CF;
  2072 : 93DF;
  2073 : D000;
  2074 : D000;
  2075 : D000;
  2076 : B7CD;
  2077 : B7DE;
  2078 : 8349;
  2079 : 835A;
  2080 : 0179;
  2081 : 830D;
  2082 : 831E;
  2083 : 5021;
  2084 : 0931;
  2085 : 0F26;
  2086 : 1F37;
  2087 : 5041;
  2088 : 0951;
  2089 : 0F48;
  2090 : 1F59;
  2091 : 940E;
  2092 : 07D8;
  2093 : 8129;
  2094 : 813A;
  2095 : 01D7;
  2096 : 940E;
  2097 : 27C3;
  2098 : 8369;
  2099 : 837A;
  2100 : 838B;
  2101 : 839C;
  2102 : E000;
  2103 : E010;
  2104 : 0178;
  2105 : 8189;
  2106 : 819A;
  2107 : 81AB;
  2108 : 81BC;
  2109 : 158E;
  2110 : 059F;
  2111 : 07A0;
  2112 : 07B1;
  2113 : F479;
  2114 : E080;
  2115 : 900F;
  2116 : 900F;
  2117 : 900F;
  2118 : 900F;
  2119 : 900F;
  2120 : 900F;
  2121 : 91DF;
  2122 : 91CF;
  2123 : 911F;
  2124 : 910F;
  2125 : 90FF;
  2126 : 90EF;
  2127 : 940C;
  2128 : 06AB;
  2129 : 818E;
  2130 : 940E;
  2131 : 06B1;
  2132 : 818D;
  2133 : 940E;
  2134 : 06B1;
  2135 : EF8F;
  2136 : 1AE8;
  2137 : 0AF8;
  2138 : 4F0F;
  2139 : 4F1F;
  2140 : CFDC;
  2141 : 9380;
  2142 : 0406;
  2143 : 9390;
  2144 : 0407;
  2145 : 9360;
  2146 : 0404;
  2147 : 9370;
  2148 : 0405;
  2149 : 9508;
  2150 : 93CF;
  2151 : 93DF;
  2152 : D000;
  2153 : B7CD;
  2154 : B7DE;
  2155 : 8349;
  2156 : 835A;
  2157 : 9120;
  2158 : 0103;
  2159 : 9130;
  2160 : 0104;
  2161 : 1782;
  2162 : 0793;
  2163 : F4C0;
  2164 : 9120;
  2165 : 0101;
  2166 : 9130;
  2167 : 0102;
  2168 : 1762;
  2169 : 0773;
  2170 : F488;
  2171 : 019B;
  2172 : 01AC;
  2173 : 940E;
  2174 : 07D8;
  2175 : 818A;
  2176 : 940E;
  2177 : 06B1;
  2178 : 8189;
  2179 : 940E;
  2180 : 06B1;
  2181 : E080;
  2182 : 900F;
  2183 : 900F;
  2184 : 91DF;
  2185 : 91CF;
  2186 : 940C;
  2187 : 06AB;
  2188 : 900F;
  2189 : 900F;
  2190 : 91DF;
  2191 : 91CF;
  2192 : 9508;
  2193 : 93CF;
  2194 : 93DF;
  2195 : D000;
  2196 : D000;
  2197 : B7CD;
  2198 : B7DE;
  2199 : 834B;
  2200 : 835C;
  2201 : 8329;
  2202 : 833A;
  2203 : 814B;
  2204 : 815C;
  2205 : 5041;
  2206 : 0951;
  2207 : 0F48;
  2208 : 1F59;
  2209 : 019B;
  2210 : 940E;
  2211 : 07D8;
  2212 : 818B;
  2213 : 819C;
  2214 : 2B89;
  2215 : F439;
  2216 : 900F;
  2217 : 900F;
  2218 : 900F;
  2219 : 900F;
  2220 : 91DF;
  2221 : 91CF;
  2222 : 9508;
  2223 : 818B;
  2224 : 819C;
  2225 : 9701;
  2226 : 838B;
  2227 : 839C;
  2228 : 818A;
  2229 : 940E;
  2230 : 06B1;
  2231 : 8189;
  2232 : 940E;
  2233 : 06B1;
  2234 : CFE9;
  2235 : 93CF;
  2236 : 93DF;
  2237 : D000;
  2238 : D000;
  2239 : B7CD;
  2240 : B7DE;
  2241 : 834B;
  2242 : 835C;
  2243 : 8329;
  2244 : 833A;
  2245 : FD97;
  2246 : C041;
  2247 : 9120;
  2248 : 0103;
  2249 : 9130;
  2250 : 0104;
  2251 : 1782;
  2252 : 0793;
  2253 : F5D0;
  2254 : 9120;
  2255 : 0101;
  2256 : 9130;
  2257 : 0102;
  2258 : 1762;
  2259 : 0773;
  2260 : F598;
  2261 : 814B;
  2262 : 815C;
  2263 : 0F46;
  2264 : 1F57;
  2265 : 5041;
  2266 : 0951;
  2267 : 1742;
  2268 : 0753;
  2269 : F028;
  2270 : 01A9;
  2271 : 1B46;
  2272 : 0B57;
  2273 : 834B;
  2274 : 835C;
  2275 : 812B;
  2276 : 813C;
  2277 : 1612;
  2278 : 0613;
  2279 : F504;
  2280 : 0F26;
  2281 : 1F37;
  2282 : 5021;
  2283 : 0931;
  2284 : 01AC;
  2285 : 940E;
  2286 : 07D8;
  2287 : 814B;
  2288 : 815C;
  2289 : 5041;
  2290 : 0951;
  2291 : 834B;
  2292 : 835C;
  2293 : 818A;
  2294 : 940E;
  2295 : 06B1;
  2296 : 8189;
  2297 : 940E;
  2298 : 06B1;
  2299 : 818B;
  2300 : 819C;
  2301 : 2B89;
  2302 : F781;
  2303 : E080;
  2304 : 900F;
  2305 : 900F;
  2306 : 900F;
  2307 : 900F;
  2308 : 91DF;
  2309 : 91CF;
  2310 : 940C;
  2311 : 06AB;
  2312 : 900F;
  2313 : 900F;
  2314 : 900F;
  2315 : 900F;
  2316 : 91DF;
  2317 : 91CF;
  2318 : 9508;
  2319 : 922F;
  2320 : 923F;
  2321 : 924F;
  2322 : 925F;
  2323 : 926F;
  2324 : 927F;
  2325 : 928F;
  2326 : 929F;
  2327 : 92AF;
  2328 : 92BF;
  2329 : 92CF;
  2330 : 92DF;
  2331 : 92EF;
  2332 : 92FF;
  2333 : 930F;
  2334 : 931F;
  2335 : 93CF;
  2336 : 93DF;
  2337 : D000;
  2338 : D000;
  2339 : B7CD;
  2340 : B7DE;
  2341 : 013C;
  2342 : 015B;
  2343 : 834B;
  2344 : 835C;
  2345 : 0149;
  2346 : 012A;
  2347 : 0C44;
  2348 : 1C55;
  2349 : 01A2;
  2350 : 5F4F;
  2351 : 4F5F;
  2352 : 01C3;
  2353 : 81EB;
  2354 : 81FC;
  2355 : 1B8E;
  2356 : 0B9F;
  2357 : 940E;
  2358 : 0891;
  2359 : E001;
  2360 : E010;
  2361 : 818B;
  2362 : 819C;
  2363 : 1B08;
  2364 : 0B19;
  2365 : 9451;
  2366 : 9441;
  2367 : 0851;
  2368 : 2CE1;
  2369 : 2CF1;
  2370 : 0167;
  2371 : 94C3;
  2372 : 818B;
  2373 : 819C;
  2374 : 16E8;
  2375 : 06F9;
  2376 : F0CC;
  2377 : E080;
  2378 : 900F;
  2379 : 900F;
  2380 : 900F;
  2381 : 900F;
  2382 : 91DF;
  2383 : 91CF;
  2384 : 911F;
  2385 : 910F;
  2386 : 90FF;
  2387 : 90EF;
  2388 : 90DF;
  2389 : 90CF;
  2390 : 90BF;
  2391 : 90AF;
  2392 : 909F;
  2393 : 908F;
  2394 : 907F;
  2395 : 906F;
  2396 : 905F;
  2397 : 904F;
  2398 : 903F;
  2399 : 902F;
  2400 : 940C;
  2401 : 06AB;
  2402 : FD17;
  2403 : C00A;
  2404 : 81EB;
  2405 : 81FC;
  2406 : 9731;
  2407 : 83EB;
  2408 : 83FC;
  2409 : E0F2;
  2410 : 0E4F;
  2411 : 1C51;
  2412 : 0D04;
  2413 : 1D15;
  2414 : EF8F;
  2415 : 1AE8;
  2416 : 0AF8;
  2417 : E092;
  2418 : 0EC9;
  2419 : 1CD1;
  2420 : 0D0C;
  2421 : 1D1D;
  2422 : 0113;
  2423 : 182E;
  2424 : 083F;
  2425 : 0194;
  2426 : 01A6;
  2427 : 816B;
  2428 : 817C;
  2429 : 0D6A;
  2430 : 1D7B;
  2431 : 01C1;
  2432 : 940E;
  2433 : 0891;
  2434 : 0194;
  2435 : 01A6;
  2436 : 01B5;
  2437 : 81EB;
  2438 : 81FC;
  2439 : 1B6E;
  2440 : 0B7F;
  2441 : 01C1;
  2442 : 940E;
  2443 : 0891;
  2444 : 802B;
  2445 : 803C;
  2446 : 0C22;
  2447 : 1C33;
  2448 : EFFF;
  2449 : 1A2F;
  2450 : 0A3F;
  2451 : 01B5;
  2452 : 0D6E;
  2453 : 1D7F;
  2454 : 0194;
  2455 : 01A1;
  2456 : 01C3;
  2457 : 81EB;
  2458 : 81FC;
  2459 : 1B8E;
  2460 : 0B9F;
  2461 : 8389;
  2462 : 839A;
  2463 : 940E;
  2464 : 0891;
  2465 : 01B5;
  2466 : 196E;
  2467 : 097F;
  2468 : 0194;
  2469 : 01A1;
  2470 : 8189;
  2471 : 819A;
  2472 : 940E;
  2473 : 0891;
  2474 : CF99;
  2475 : 940C;
  2476 : 06C6;
  2477 : 93CF;
  2478 : 7083;
  2479 : 3082;
  2480 : F0E9;
  2481 : 3083;
  2482 : F109;
  2483 : 3081;
  2484 : F129;
  2485 : E440;
  2486 : E051;
  2487 : EE20;
  2488 : E031;
  2489 : ECC8;
  2490 : 9380;
  2491 : 0412;
  2492 : 9340;
  2493 : 0103;
  2494 : 9350;
  2495 : 0104;
  2496 : 9320;
  2497 : 0101;
  2498 : 9330;
  2499 : 0102;
  2500 : E386;
  2501 : 940E;
  2502 : 06AB;
  2503 : 2F8C;
  2504 : 940E;
  2505 : 06B1;
  2506 : E080;
  2507 : 91CF;
  2508 : 940C;
  2509 : 06AB;
  2510 : E440;
  2511 : E051;
  2512 : EE20;
  2513 : E031;
  2514 : E0C8;
  2515 : CFE6;
  2516 : EE40;
  2517 : E051;
  2518 : E420;
  2519 : E031;
  2520 : EEC8;
  2521 : CFE0;
  2522 : EE40;
  2523 : E051;
  2524 : E420;
  2525 : E031;
  2526 : E2C8;
  2527 : CFDA;
  2528 : 930F;
  2529 : 931F;
  2530 : 9120;
  2531 : 0101;
  2532 : 9130;
  2533 : 0102;
  2534 : 9140;
  2535 : 0103;
  2536 : 9150;
  2537 : 0104;
  2538 : 018C;
  2539 : E060;
  2540 : E070;
  2541 : 01CB;
  2542 : 940E;
  2543 : 0813;
  2544 : 911F;
  2545 : 910F;
  2546 : 9508;
  2547 : 9380;
  2548 : 0410;
  2549 : 9390;
  2550 : 0411;
  2551 : 9360;
  2552 : 040E;
  2553 : 9370;
  2554 : 040F;
  2555 : 9508;
  2556 : 1181;
  2557 : C004;
  2558 : E081;
  2559 : 9380;
  2560 : 03FC;
  2561 : 9508;
  2562 : 3088;
  2563 : F3D8;
  2564 : E087;
  2565 : CFF9;
  2566 : 019B;
  2567 : 5022;
  2568 : 0931;
  2569 : 3027;
  2570 : 0531;
  2571 : F510;
  2572 : E025;
  2573 : 9F26;
  2574 : 01F0;
  2575 : 9F27;
  2576 : 0DF0;
  2577 : 2411;
  2578 : 57E2;
  2579 : 4FFF;
  2580 : 9145;
  2581 : 9155;
  2582 : 5240;
  2583 : 0951;
  2584 : 01DC;
  2585 : E020;
  2586 : E030;
  2587 : 918C;
  2588 : 1181;
  2589 : C008;
  2590 : 9140;
  2591 : 03FC;
  2592 : 9F42;
  2593 : 01C0;
  2594 : 9F43;
  2595 : 0D90;
  2596 : 2411;
  2597 : 9508;
  2598 : 9611;
  2599 : 01FA;
  2600 : 0FE8;
  2601 : 1DF1;
  2602 : 91E4;
  2603 : 0F2E;
  2604 : 1D31;
  2605 : CFED;
  2606 : E080;
  2607 : E090;
  2608 : 9508;
  2609 : 923F;
  2610 : 924F;
  2611 : 925F;
  2612 : 926F;
  2613 : 927F;
  2614 : 928F;
  2615 : 929F;
  2616 : 92AF;
  2617 : 92BF;
  2618 : 92CF;
  2619 : 92DF;
  2620 : 92EF;
  2621 : 92FF;
  2622 : 930F;
  2623 : 931F;
  2624 : 93CF;
  2625 : 93DF;
  2626 : 017C;
  2627 : 016B;
  2628 : 01EA;
  2629 : 2E32;
  2630 : 0148;
  2631 : E081;
  2632 : E090;
  2633 : 015C;
  2634 : 1AA4;
  2635 : 0AB5;
  2636 : 2466;
  2637 : 2477;
  2638 : 1A64;
  2639 : 0A75;
  2640 : 0C66;
  2641 : 1C77;
  2642 : E000;
  2643 : E010;
  2644 : 0128;
  2645 : 9443;
  2646 : 170C;
  2647 : 071D;
  2648 : F094;
  2649 : 91DF;
  2650 : 91CF;
  2651 : 911F;
  2652 : 910F;
  2653 : 90FF;
  2654 : 90EF;
  2655 : 90DF;
  2656 : 90CF;
  2657 : 90BF;
  2658 : 90AF;
  2659 : 909F;
  2660 : 908F;
  2661 : 907F;
  2662 : 906F;
  2663 : 905F;
  2664 : 904F;
  2665 : 903F;
  2666 : 9508;
  2667 : FCB7;
  2668 : C006;
  2669 : 9721;
  2670 : E082;
  2671 : 0E68;
  2672 : 1C71;
  2673 : 0CA6;
  2674 : 1CB7;
  2675 : 5F0F;
  2676 : 4F1F;
  2677 : E082;
  2678 : 0E48;
  2679 : 1C51;
  2680 : 0CA4;
  2681 : 1CB5;
  2682 : FE32;
  2683 : C012;
  2684 : 01A4;
  2685 : 01BE;
  2686 : 0D6C;
  2687 : 1D7D;
  2688 : 01C7;
  2689 : 0F80;
  2690 : 1F91;
  2691 : 940E;
  2692 : 0866;
  2693 : 01A4;
  2694 : 01B6;
  2695 : 0F60;
  2696 : 1F71;
  2697 : 01CE;
  2698 : 0D8E;
  2699 : 1D9F;
  2700 : 940E;
  2701 : 0866;
  2702 : FE31;
  2703 : C012;
  2704 : 01A4;
  2705 : 01B6;
  2706 : 1B6C;
  2707 : 0B7D;
  2708 : 01C7;
  2709 : 0F80;
  2710 : 1F91;
  2711 : 940E;
  2712 : 0866;
  2713 : 01A4;
  2714 : 01B6;
  2715 : 1B60;
  2716 : 0B71;
  2717 : 01CE;
  2718 : 0D8E;
  2719 : 1D9F;
  2720 : 940E;
  2721 : 0866;
  2722 : FE33;
  2723 : C012;
  2724 : 01A4;
  2725 : 01B6;
  2726 : 0F60;
  2727 : 1F71;
  2728 : 01C7;
  2729 : 1B8C;
  2730 : 0B9D;
  2731 : 940E;
  2732 : 0866;
  2733 : 01A4;
  2734 : 01BE;
  2735 : 0D6C;
  2736 : 1D7D;
  2737 : 01C7;
  2738 : 1B80;
  2739 : 0B91;
  2740 : 940E;
  2741 : 0866;
  2742 : FE30;
  2743 : CF9E;
  2744 : 01A4;
  2745 : 01B6;
  2746 : 1B60;
  2747 : 0B71;
  2748 : 01C7;
  2749 : 1B8C;
  2750 : 0B9D;
  2751 : 940E;
  2752 : 0866;
  2753 : 01A4;
  2754 : 01B6;
  2755 : 1B6C;
  2756 : 0B7D;
  2757 : 01C7;
  2758 : 1B80;
  2759 : 0B91;
  2760 : 940E;
  2761 : 0866;
  2762 : CF8B;
  2763 : 922F;
  2764 : 923F;
  2765 : 924F;
  2766 : 925F;
  2767 : 926F;
  2768 : 927F;
  2769 : 928F;
  2770 : 929F;
  2771 : 92AF;
  2772 : 92BF;
  2773 : 92CF;
  2774 : 92DF;
  2775 : 92EF;
  2776 : 92FF;
  2777 : 930F;
  2778 : 931F;
  2779 : 93CF;
  2780 : 93DF;
  2781 : 015C;
  2782 : 016B;
  2783 : 012A;
  2784 : 0139;
  2785 : 01E8;
  2786 : 018A;
  2787 : 1B0C;
  2788 : 0B1D;
  2789 : 1B0C;
  2790 : 0B1D;
  2791 : 014E;
  2792 : 0E88;
  2793 : 1E99;
  2794 : 0197;
  2795 : 01A8;
  2796 : 01C4;
  2797 : 940E;
  2798 : 0891;
  2799 : 0116;
  2800 : 0C26;
  2801 : 1C37;
  2802 : 01B1;
  2803 : 5061;
  2804 : 0971;
  2805 : 0197;
  2806 : 01A8;
  2807 : 01C4;
  2808 : 940E;
  2809 : 0891;
  2810 : 1A6C;
  2811 : 0A7D;
  2812 : 1A6C;
  2813 : 0A7D;
  2814 : 0ECC;
  2815 : 1EDD;
  2816 : 0197;
  2817 : 01A3;
  2818 : 01B6;
  2819 : 01C5;
  2820 : 940E;
  2821 : 08BB;
  2822 : 0C4A;
  2823 : 1C5B;
  2824 : 0197;
  2825 : 01A3;
  2826 : 01B6;
  2827 : 01C2;
  2828 : 9701;
  2829 : 940E;
  2830 : 08BB;
  2831 : 0187;
  2832 : E021;
  2833 : 01AE;
  2834 : 01B6;
  2835 : 01C4;
  2836 : 940E;
  2837 : 0A31;
  2838 : 1A4C;
  2839 : 0A5D;
  2840 : E081;
  2841 : 1A48;
  2842 : 0851;
  2843 : E022;
  2844 : 01AE;
  2845 : 01B6;
  2846 : 01C2;
  2847 : 940E;
  2848 : 0A31;
  2849 : 1A2C;
  2850 : 0A3D;
  2851 : E081;
  2852 : 1A28;
  2853 : 0831;
  2854 : E024;
  2855 : 01AE;
  2856 : 01B1;
  2857 : 01C2;
  2858 : 940E;
  2859 : 0A31;
  2860 : E028;
  2861 : 01AE;
  2862 : 01B1;
  2863 : 01C4;
  2864 : 940E;
  2865 : 0A31;
  2866 : 91DF;
  2867 : 91CF;
  2868 : 911F;
  2869 : 910F;
  2870 : 90FF;
  2871 : 90EF;
  2872 : 90DF;
  2873 : 90CF;
  2874 : 90BF;
  2875 : 90AF;
  2876 : 909F;
  2877 : 908F;
  2878 : 907F;
  2879 : 906F;
  2880 : 905F;
  2881 : 904F;
  2882 : 903F;
  2883 : 902F;
  2884 : 9508;
  2885 : 922F;
  2886 : 923F;
  2887 : 924F;
  2888 : 925F;
  2889 : 926F;
  2890 : 927F;
  2891 : 928F;
  2892 : 929F;
  2893 : 92AF;
  2894 : 92BF;
  2895 : 92CF;
  2896 : 92DF;
  2897 : 92EF;
  2898 : 92FF;
  2899 : 930F;
  2900 : 931F;
  2901 : 93CF;
  2902 : 93DF;
  2903 : B7CD;
  2904 : B7DE;
  2905 : 97AB;
  2906 : B60F;
  2907 : 94F8;
  2908 : BFDE;
  2909 : BE0F;
  2910 : BFCD;
  2911 : A6C8;
  2912 : A6D9;
  2913 : 016B;
  2914 : A78A;
  2915 : A79B;
  2916 : 01D9;
  2917 : 014A;
  2918 : 01F7;
  2919 : 0118;
  2920 : 1748;
  2921 : 0759;
  2922 : F00C;
  2923 : C13A;
  2924 : 1708;
  2925 : 0719;
  2926 : F434;
  2927 : A42A;
  2928 : A43B;
  2929 : A70A;
  2930 : A71B;
  2931 : 01F6;
  2932 : 0167;
  2933 : A4AA;
  2934 : A4BB;
  2935 : 14A8;
  2936 : 04B9;
  2937 : F05C;
  2938 : A57A;
  2939 : A56B;
  2940 : A68A;
  2941 : A69B;
  2942 : 2E87;
  2943 : 2E96;
  2944 : 2D7C;
  2945 : 2D6D;
  2946 : 016D;
  2947 : 2FA7;
  2948 : 2FB6;
  2949 : 01B1;
  2950 : A4AA;
  2951 : A4BB;
  2952 : 196A;
  2953 : 097B;
  2954 : 142A;
  2955 : 043B;
  2956 : F009;
  2957 : C0CF;
  2958 : 96AB;
  2959 : B60F;
  2960 : 94F8;
  2961 : BFDE;
  2962 : BE0F;
  2963 : BFCD;
  2964 : 91DF;
  2965 : 91CF;
  2966 : 911F;
  2967 : 910F;
  2968 : 90FF;
  2969 : 90EF;
  2970 : 90DF;
  2971 : 90CF;
  2972 : 90BF;
  2973 : 90AF;
  2974 : 909F;
  2975 : 908F;
  2976 : 907F;
  2977 : 906F;
  2978 : 905F;
  2979 : 904F;
  2980 : 903F;
  2981 : 902F;
  2982 : 9508;
  2983 : 1486;
  2984 : 0497;
  2985 : F40C;
  2986 : C09C;
  2987 : A4AA;
  2988 : A4BB;
  2989 : 14A8;
  2990 : 04B9;
  2991 : F409;
  2992 : C096;
  2993 : A0AB;
  2994 : A0BC;
  2995 : E010;
  2996 : 01B2;
  2997 : 2D85;
  2998 : 0F88;
  2999 : 0B88;
  3000 : 2F98;
  3001 : 940E;
  3002 : 2967;
  3003 : 016B;
  3004 : 017C;
  3005 : 856B;
  3006 : 857C;
  3007 : 858D;
  3008 : 859E;
  3009 : 940E;
  3010 : 2967;
  3011 : 019B;
  3012 : 01AC;
  3013 : 01B6;
  3014 : 01C7;
  3015 : 940E;
  3016 : 28BD;
  3017 : 8369;
  3018 : 837A;
  3019 : 838B;
  3020 : 839C;
  3021 : A18F;
  3022 : 2F90;
  3023 : 1111;
  3024 : C002;
  3025 : A18D;
  3026 : A19E;
  3027 : 01B3;
  3028 : 1B68;
  3029 : 0B79;
  3030 : 2F87;
  3031 : 0F88;
  3032 : 0B88;
  3033 : 2F98;
  3034 : 940E;
  3035 : 2967;
  3036 : 016B;
  3037 : 017C;
  3038 : 01B5;
  3039 : 0CBB;
  3040 : 0B88;
  3041 : 2F98;
  3042 : 940E;
  3043 : 2967;
  3044 : 019B;
  3045 : 01AC;
  3046 : 01B6;
  3047 : 01C7;
  3048 : 940E;
  3049 : 28BD;
  3050 : 836F;
  3051 : 8778;
  3052 : 8789;
  3053 : 879A;
  3054 : 856F;
  3055 : 8978;
  3056 : 8989;
  3057 : 899A;
  3058 : 940E;
  3059 : 2967;
  3060 : 016B;
  3061 : 017C;
  3062 : 896B;
  3063 : 897C;
  3064 : 898D;
  3065 : 899E;
  3066 : 940E;
  3067 : 2967;
  3068 : 8129;
  3069 : 813A;
  3070 : 814B;
  3071 : 815C;
  3072 : 940E;
  3073 : 2A1C;
  3074 : 0196;
  3075 : 01A7;
  3076 : 940E;
  3077 : 284C;
  3078 : 940E;
  3079 : 292F;
  3080 : 8369;
  3081 : 837A;
  3082 : 838B;
  3083 : 839C;
  3084 : 80A9;
  3085 : 80BA;
  3086 : 1511;
  3087 : F1F1;
  3088 : 8D6B;
  3089 : 8D7C;
  3090 : 8D8D;
  3091 : 8D9E;
  3092 : 940E;
  3093 : 2967;
  3094 : 812F;
  3095 : 8538;
  3096 : 8549;
  3097 : 855A;
  3098 : 940E;
  3099 : 2A1C;
  3100 : 016B;
  3101 : 017C;
  3102 : 8D6F;
  3103 : A178;
  3104 : A189;
  3105 : A19A;
  3106 : 940E;
  3107 : 2967;
  3108 : 019B;
  3109 : 01AC;
  3110 : 01B6;
  3111 : 01C7;
  3112 : 940E;
  3113 : 284C;
  3114 : 940E;
  3115 : 292F;
  3116 : 01FB;
  3117 : 156A;
  3118 : 057B;
  3119 : F01C;
  3120 : 81E9;
  3121 : 81FA;
  3122 : 015B;
  3123 : 01A5;
  3124 : 1B4E;
  3125 : 0B5F;
  3126 : A528;
  3127 : A539;
  3128 : 01B3;
  3129 : 01CF;
  3130 : 940E;
  3131 : 0891;
  3132 : EF2F;
  3133 : 1A62;
  3134 : 0A72;
  3135 : EF3F;
  3136 : 1A43;
  3137 : 0A53;
  3138 : 1426;
  3139 : 0437;
  3140 : F00C;
  3141 : CF61;
  3142 : CF47;
  3143 : 80AD;
  3144 : 80BE;
  3145 : 14A1;
  3146 : 04B1;
  3147 : F381;
  3148 : E011;
  3149 : CF66;
  3150 : 896F;
  3151 : 8D78;
  3152 : 8D89;
  3153 : 8D9A;
  3154 : 940E;
  3155 : 2967;
  3156 : 812F;
  3157 : 8538;
  3158 : 8549;
  3159 : 855A;
  3160 : 940E;
  3161 : 2A1C;
  3162 : 0196;
  3163 : 01A7;
  3164 : CFCB;
  3165 : A46A;
  3166 : A47B;
  3167 : 2C41;
  3168 : 2C51;
  3169 : 019B;
  3170 : 0F77;
  3171 : 0B44;
  3172 : 876B;
  3173 : 873C;
  3174 : 874D;
  3175 : 874E;
  3176 : 01A6;
  3177 : 2D6D;
  3178 : 0F66;
  3179 : 0B66;
  3180 : 86CF;
  3181 : 8B58;
  3182 : 8B69;
  3183 : 8B6A;
  3184 : 01BF;
  3185 : 196C;
  3186 : 097D;
  3187 : 019B;
  3188 : 0F77;
  3189 : 0B44;
  3190 : 8B6B;
  3191 : 8B3C;
  3192 : 8B4D;
  3193 : 8B4E;
  3194 : 01CD;
  3195 : 198C;
  3196 : 099D;
  3197 : 01AC;
  3198 : 0F99;
  3199 : 0B66;
  3200 : 8B8F;
  3201 : 8F58;
  3202 : 8F69;
  3203 : 8F6A;
  3204 : 019F;
  3205 : 1B2A;
  3206 : 0B3B;
  3207 : 01B9;
  3208 : 0F33;
  3209 : 0B88;
  3210 : 8F2B;
  3211 : 8F7C;
  3212 : 8F8D;
  3213 : 8F8E;
  3214 : 019D;
  3215 : 0FBB;
  3216 : 0B44;
  3217 : 8FAF;
  3218 : A338;
  3219 : A349;
  3220 : A34A;
  3221 : A4AA;
  3222 : A2AD;
  3223 : A4BB;
  3224 : A2BE;
  3225 : A28F;
  3226 : 2D09;
  3227 : 0151;
  3228 : 18A8;
  3229 : 08B9;
  3230 : 82AD;
  3231 : 82BE;
  3232 : 0154;
  3233 : 18A6;
  3234 : 08B7;
  3235 : A2AB;
  3236 : A2BC;
  3237 : CF9C;
  3238 : 1704;
  3239 : 0715;
  3240 : F00C;
  3241 : CEDB;
  3242 : 014C;
  3243 : A74A;
  3244 : A75B;
  3245 : 0169;
  3246 : 01DB;
  3247 : CEBF;
  3248 : 93CF;
  3249 : 93DF;
  3250 : D000;
  3251 : D000;
  3252 : 920F;
  3253 : B7CD;
  3254 : B7DE;
  3255 : 019C;
  3256 : 01FB;
  3257 : 2B89;
  3258 : F479;
  3259 : E380;
  3260 : 8380;
  3261 : E041;
  3262 : 0FE4;
  3263 : 1DF1;
  3264 : 8210;
  3265 : 2F84;
  3266 : 900F;
  3267 : 900F;
  3268 : 900F;
  3269 : 900F;
  3270 : 900F;
  3271 : 91DF;
  3272 : 91CF;
  3273 : 9508;
  3274 : E040;
  3275 : 01C9;
  3276 : E06A;
  3277 : E070;
  3278 : 940E;
  3279 : 27D2;
  3280 : 01DE;
  3281 : 9611;
  3282 : 0FA4;
  3283 : 1DB1;
  3284 : 5F4F;
  3285 : 5D80;
  3286 : 938C;
  3287 : 01C9;
  3288 : 019B;
  3289 : 970A;
  3290 : F780;
  3291 : 01BF;
  3292 : 2F84;
  3293 : 1581;
  3294 : F2F9;
  3295 : 5081;
  3296 : 019E;
  3297 : 5F2F;
  3298 : 4F3F;
  3299 : 0F28;
  3300 : 1D31;
  3301 : 01D9;
  3302 : 919C;
  3303 : 01DB;
  3304 : 939D;
  3305 : 01BD;
  3306 : CFF2;
  3307 : 922F;
  3308 : 923F;
  3309 : 924F;
  3310 : 925F;
  3311 : 926F;
  3312 : 927F;
  3313 : 928F;
  3314 : 929F;
  3315 : 92AF;
  3316 : 92BF;
  3317 : 92CF;
  3318 : 92DF;
  3319 : 92EF;
  3320 : 92FF;
  3321 : 930F;
  3322 : 931F;
  3323 : 93CF;
  3324 : 93DF;
  3325 : D000;
  3326 : D000;
  3327 : B7CD;
  3328 : B7DE;
  3329 : 0158;
  3330 : 01FC;
  3331 : 1784;
  3332 : 0795;
  3333 : F531;
  3334 : 01A9;
  3335 : 1B46;
  3336 : 0B57;
  3337 : F41A;
  3338 : 01AB;
  3339 : 1B42;
  3340 : 0B53;
  3341 : 5F4F;
  3342 : 4F5F;
  3343 : 1726;
  3344 : 0737;
  3345 : F408;
  3346 : 01B9;
  3347 : 0195;
  3348 : 900F;
  3349 : 900F;
  3350 : 900F;
  3351 : 900F;
  3352 : 91DF;
  3353 : 91CF;
  3354 : 911F;
  3355 : 910F;
  3356 : 90FF;
  3357 : 90EF;
  3358 : 90DF;
  3359 : 90CF;
  3360 : 90BF;
  3361 : 90AF;
  3362 : 909F;
  3363 : 908F;
  3364 : 907F;
  3365 : 906F;
  3366 : 905F;
  3367 : 904F;
  3368 : 903F;
  3369 : 902F;
  3370 : 940C;
  3371 : 08BB;
  3372 : 834B;
  3373 : 835C;
  3374 : 016A;
  3375 : 1AC8;
  3376 : 0AD9;
  3377 : F41A;
  3378 : 016C;
  3379 : 1AC4;
  3380 : 0AD5;
  3381 : 1762;
  3382 : 0773;
  3383 : F509;
  3384 : EF2F;
  3385 : 1AC2;
  3386 : 0AD2;
  3387 : 1748;
  3388 : 0759;
  3389 : F408;
  3390 : 01CA;
  3391 : 0195;
  3392 : 01A6;
  3393 : 900F;
  3394 : 900F;
  3395 : 900F;
  3396 : 900F;
  3397 : 91DF;
  3398 : 91CF;
  3399 : 911F;
  3400 : 910F;
  3401 : 90FF;
  3402 : 90EF;
  3403 : 90DF;
  3404 : 90CF;
  3405 : 90BF;
  3406 : 90AF;
  3407 : 909F;
  3408 : 908F;
  3409 : 907F;
  3410 : 906F;
  3411 : 905F;
  3412 : 904F;
  3413 : 903F;
  3414 : 902F;
  3415 : 940C;
  3416 : 0891;
  3417 : 017B;
  3418 : 0189;
  3419 : 0139;
  3420 : 1A66;
  3421 : 0A77;
  3422 : F41A;
  3423 : 013B;
  3424 : 1A62;
  3425 : 0A73;
  3426 : 14C6;
  3427 : 04D7;
  3428 : F02C;
  3429 : 018A;
  3430 : 832B;
  3431 : 833C;
  3432 : 017C;
  3433 : 01FB;
  3434 : 150E;
  3435 : 051F;
  3436 : F05C;
  3437 : 819B;
  3438 : 818C;
  3439 : 83EB;
  3440 : 83FC;
  3441 : 2FE9;
  3442 : 2FF8;
  3443 : 2F90;
  3444 : 2F81;
  3445 : 0187;
  3446 : 2EE9;
  3447 : 2EF8;
  3448 : 0127;
  3449 : 1A40;
  3450 : 0A51;
  3451 : 011F;
  3452 : 818B;
  3453 : 819C;
  3454 : 1A28;
  3455 : 0A39;
  3456 : F41A;
  3457 : 011C;
  3458 : 1A2E;
  3459 : 0A3F;
  3460 : 0142;
  3461 : FE57;
  3462 : C003;
  3463 : EF9F;
  3464 : 1A89;
  3465 : 0A99;
  3466 : 9495;
  3467 : 9487;
  3468 : 812B;
  3469 : 813C;
  3470 : 172E;
  3471 : 073F;
  3472 : F1D4;
  3473 : EF8F;
  3474 : EF9F;
  3475 : 8389;
  3476 : 839A;
  3477 : 16E0;
  3478 : 06F1;
  3479 : F4BC;
  3480 : 900F;
  3481 : 900F;
  3482 : 900F;
  3483 : 900F;
  3484 : 91DF;
  3485 : 91CF;
  3486 : 911F;
  3487 : 910F;
  3488 : 90FF;
  3489 : 90EF;
  3490 : 90DF;
  3491 : 90CF;
  3492 : 90BF;
  3493 : 90AF;
  3494 : 909F;
  3495 : 908F;
  3496 : 907F;
  3497 : 906F;
  3498 : 905F;
  3499 : 904F;
  3500 : 903F;
  3501 : 902F;
  3502 : 9508;
  3503 : 01A5;
  3504 : 01B8;
  3505 : 818B;
  3506 : 819C;
  3507 : 14C6;
  3508 : 04D7;
  3509 : F01C;
  3510 : 816B;
  3511 : 817C;
  3512 : 01C8;
  3513 : 940E;
  3514 : 0866;
  3515 : 1882;
  3516 : 0893;
  3517 : F452;
  3518 : 812B;
  3519 : 813C;
  3520 : 8189;
  3521 : 819A;
  3522 : 0F28;
  3523 : 1F39;
  3524 : 832B;
  3525 : 833C;
  3526 : 0C84;
  3527 : 1C95;
  3528 : 5F0F;
  3529 : 4F1F;
  3530 : CFCA;
  3531 : E021;
  3532 : 8329;
  3533 : 821A;
  3534 : CFC6;
  3535 : 922F;
  3536 : 923F;
  3537 : 924F;
  3538 : 925F;
  3539 : 926F;
  3540 : 927F;
  3541 : 928F;
  3542 : 929F;
  3543 : 92AF;
  3544 : 92BF;
  3545 : 92CF;
  3546 : 92DF;
  3547 : 92EF;
  3548 : 92FF;
  3549 : 930F;
  3550 : 931F;
  3551 : 93CF;
  3552 : 93DF;
  3553 : B7CD;
  3554 : B7DE;
  3555 : 9728;
  3556 : B60F;
  3557 : 94F8;
  3558 : BFDE;
  3559 : BE0F;
  3560 : BFCD;
  3561 : 01FA;
  3562 : 830B;
  3563 : 831C;
  3564 : 0137;
  3565 : 82CF;
  3566 : 86D8;
  3567 : 1784;
  3568 : 0795;
  3569 : F5E9;
  3570 : 2F56;
  3571 : 2F47;
  3572 : 1726;
  3573 : 0737;
  3574 : F410;
  3575 : 2F52;
  3576 : 2F43;
  3577 : 2FE5;
  3578 : 2FF4;
  3579 : 15E6;
  3580 : 05F7;
  3581 : F408;
  3582 : 01F3;
  3583 : 01AB;
  3584 : 1762;
  3585 : 0773;
  3586 : F408;
  3587 : 01A9;
  3588 : 812F;
  3589 : 8538;
  3590 : 1724;
  3591 : 0735;
  3592 : F408;
  3593 : 01A9;
  3594 : 174E;
  3595 : 075F;
  3596 : F40C;
  3597 : C0C0;
  3598 : 1B4E;
  3599 : 0B5F;
  3600 : 5F4F;
  3601 : 4F5F;
  3602 : 812B;
  3603 : 813C;
  3604 : 01BF;
  3605 : 9628;
  3606 : B60F;
  3607 : 94F8;
  3608 : BFDE;
  3609 : BE0F;
  3610 : BFCD;
  3611 : 91DF;
  3612 : 91CF;
  3613 : 911F;
  3614 : 910F;
  3615 : 90FF;
  3616 : 90EF;
  3617 : 90DF;
  3618 : 90CF;
  3619 : 90BF;
  3620 : 90AF;
  3621 : 909F;
  3622 : 908F;
  3623 : 907F;
  3624 : 906F;
  3625 : 905F;
  3626 : 904F;
  3627 : 903F;
  3628 : 902F;
  3629 : 940C;
  3630 : 08BB;
  3631 : 1762;
  3632 : 0773;
  3633 : F591;
  3634 : 156E;
  3635 : 057F;
  3636 : F408;
  3637 : C098;
  3638 : 812F;
  3639 : 8538;
  3640 : 1726;
  3641 : 0737;
  3642 : F408;
  3643 : C092;
  3644 : 1B48;
  3645 : 0B59;
  3646 : F41A;
  3647 : 01AC;
  3648 : 1B4E;
  3649 : 0B5F;
  3650 : 5F4F;
  3651 : 4F5F;
  3652 : 17E8;
  3653 : 07F9;
  3654 : F408;
  3655 : 01CF;
  3656 : 812B;
  3657 : 813C;
  3658 : 9628;
  3659 : B60F;
  3660 : 94F8;
  3661 : BFDE;
  3662 : BE0F;
  3663 : BFCD;
  3664 : 91DF;
  3665 : 91CF;
  3666 : 911F;
  3667 : 910F;
  3668 : 90FF;
  3669 : 90EF;
  3670 : 90DF;
  3671 : 90CF;
  3672 : 90BF;
  3673 : 90AF;
  3674 : 909F;
  3675 : 908F;
  3676 : 907F;
  3677 : 906F;
  3678 : 905F;
  3679 : 904F;
  3680 : 903F;
  3681 : 902F;
  3682 : 940C;
  3683 : 0891;
  3684 : 01AC;
  3685 : 016B;
  3686 : 017F;
  3687 : 0189;
  3688 : 0119;
  3689 : 1A26;
  3690 : 0A37;
  3691 : F41A;
  3692 : 011B;
  3693 : 1A22;
  3694 : 0A33;
  3695 : 012F;
  3696 : 1A48;
  3697 : 0A59;
  3698 : F41A;
  3699 : 012C;
  3700 : 1A4E;
  3701 : 0A5F;
  3702 : 1442;
  3703 : 0453;
  3704 : F024;
  3705 : 018F;
  3706 : 0179;
  3707 : 016C;
  3708 : 01AB;
  3709 : 150C;
  3710 : 051D;
  3711 : F054;
  3712 : 2D9E;
  3713 : 2D8F;
  3714 : 017A;
  3715 : 2F49;
  3716 : 2F58;
  3717 : 2F90;
  3718 : 2F81;
  3719 : 0186;
  3720 : 2EC9;
  3721 : 2ED8;
  3722 : 0146;
  3723 : 1A80;
  3724 : 0A91;
  3725 : 01CA;
  3726 : 198E;
  3727 : 099F;
  3728 : 8389;
  3729 : 839A;
  3730 : FF97;
  3731 : C005;
  3732 : 0197;
  3733 : 1B24;
  3734 : 0B35;
  3735 : 8329;
  3736 : 833A;
  3737 : 0154;
  3738 : FE97;
  3739 : C003;
  3740 : EF3F;
  3741 : 1AA3;
  3742 : 0AB3;
  3743 : 94B5;
  3744 : 94A7;
  3745 : EF8F;
  3746 : EF9F;
  3747 : 16E4;
  3748 : 06F5;
  3749 : F414;
  3750 : E081;
  3751 : E090;
  3752 : 838D;
  3753 : 839E;
  3754 : C020;
  3755 : 01C7;
  3756 : 01B8;
  3757 : 1442;
  3758 : 0453;
  3759 : F014;
  3760 : 01C8;
  3761 : 01B7;
  3762 : 1566;
  3763 : 0577;
  3764 : F048;
  3765 : 812F;
  3766 : 8538;
  3767 : 1726;
  3768 : 0737;
  3769 : F020;
  3770 : 814B;
  3771 : 815C;
  3772 : 940E;
  3773 : 0866;
  3774 : 8189;
  3775 : 819A;
  3776 : 1AA8;
  3777 : 0AB9;
  3778 : F432;
  3779 : 812D;
  3780 : 813E;
  3781 : 0EE2;
  3782 : 1EF3;
  3783 : 0CA8;
  3784 : 1CB9;
  3785 : 5F0F;
  3786 : 4F1F;
  3787 : 16C0;
  3788 : 06D1;
  3789 : F6EC;
  3790 : 9628;
  3791 : B60F;
  3792 : 94F8;
  3793 : BFDE;
  3794 : BE0F;
  3795 : BFCD;
  3796 : 91DF;
  3797 : 91CF;
  3798 : 911F;
  3799 : 910F;
  3800 : 90FF;
  3801 : 90EF;
  3802 : 90DF;
  3803 : 90CF;
  3804 : 90BF;
  3805 : 90AF;
  3806 : 909F;
  3807 : 908F;
  3808 : 907F;
  3809 : 906F;
  3810 : 905F;
  3811 : 904F;
  3812 : 903F;
  3813 : 902F;
  3814 : 9508;
  3815 : 922F;
  3816 : 923F;
  3817 : 924F;
  3818 : 925F;
  3819 : 926F;
  3820 : 927F;
  3821 : 928F;
  3822 : 929F;
  3823 : 92AF;
  3824 : 92BF;
  3825 : 92CF;
  3826 : 92DF;
  3827 : 92EF;
  3828 : 92FF;
  3829 : 930F;
  3830 : 931F;
  3831 : 93CF;
  3832 : 93DF;
  3833 : B7CD;
  3834 : B7DE;
  3835 : 9760;
  3836 : B60F;
  3837 : 94F8;
  3838 : BFDE;
  3839 : BE0F;
  3840 : BFCD;
  3841 : 016B;
  3842 : 0159;
  3843 : 0148;
  3844 : 2C3E;
  3845 : 9120;
  3846 : 0103;
  3847 : 9130;
  3848 : 0104;
  3849 : 1782;
  3850 : 0793;
  3851 : F00C;
  3852 : C072;
  3853 : 9120;
  3854 : 0101;
  3855 : 9130;
  3856 : 0102;
  3857 : 1762;
  3858 : 0773;
  3859 : F00C;
  3860 : C06A;
  3861 : 2C4E;
  3862 : 2C51;
  3863 : 019C;
  3864 : E056;
  3865 : 9EE5;
  3866 : 0D20;
  3867 : 1D31;
  3868 : 2411;
  3869 : 1612;
  3870 : 0613;
  3871 : F00C;
  3872 : C05E;
  3873 : 0192;
  3874 : E053;
  3875 : 0F22;
  3876 : 1F33;
  3877 : 955A;
  3878 : F7E1;
  3879 : 0F26;
  3880 : 1F37;
  3881 : 1612;
  3882 : 0613;
  3883 : F00C;
  3884 : C052;
  3885 : 8789;
  3886 : 879A;
  3887 : E0E5;
  3888 : 9F4E;
  3889 : 0180;
  3890 : 2411;
  3891 : E0F1;
  3892 : 12EF;
  3893 : C004;
  3894 : 148A;
  3895 : 049B;
  3896 : F009;
  3897 : C05E;
  3898 : 0198;
  3899 : 5E27;
  3900 : 4F37;
  3901 : 872C;
  3902 : 873D;
  3903 : 838F;
  3904 : 8798;
  3905 : 2C21;
  3906 : 01C6;
  3907 : 9608;
  3908 : 878E;
  3909 : 879F;
  3910 : 863B;
  3911 : E0F5;
  3912 : 162F;
  3913 : F409;
  3914 : C09B;
  3915 : 85EC;
  3916 : 85FD;
  3917 : 9184;
  3918 : 8B88;
  3919 : 0136;
  3920 : 0176;
  3921 : 89F8;
  3922 : FFF0;
  3923 : C094;
  3924 : E021;
  3925 : 01A5;
  3926 : 0185;
  3927 : 1232;
  3928 : C099;
  3929 : 01B7;
  3930 : 818F;
  3931 : 8598;
  3932 : 940E;
  3933 : 0866;
  3934 : 8958;
  3935 : 9556;
  3936 : 8B58;
  3937 : 0C64;
  3938 : 1C75;
  3939 : EF8F;
  3940 : 1AE8;
  3941 : 0AF8;
  3942 : 85EE;
  3943 : 85FF;
  3944 : 15EE;
  3945 : 05FF;
  3946 : F731;
  3947 : 9423;
  3948 : 8529;
  3949 : 853A;
  3950 : 0D24;
  3951 : 1D35;
  3952 : 8729;
  3953 : 873A;
  3954 : 818F;
  3955 : 8598;
  3956 : 9601;
  3957 : 838F;
  3958 : 8798;
  3959 : 85EC;
  3960 : 85FD;
  3961 : 9631;
  3962 : 87EC;
  3963 : 87FD;
  3964 : E0F6;
  3965 : 122F;
  3966 : CFC8;
  3967 : 9660;
  3968 : B60F;
  3969 : 94F8;
  3970 : BFDE;
  3971 : BE0F;
  3972 : BFCD;
  3973 : 91DF;
  3974 : 91CF;
  3975 : 911F;
  3976 : 910F;
  3977 : 90FF;
  3978 : 90EF;
  3979 : 90DF;
  3980 : 90CF;
  3981 : 90BF;
  3982 : 90AF;
  3983 : 909F;
  3984 : 908F;
  3985 : 907F;
  3986 : 906F;
  3987 : 905F;
  3988 : 904F;
  3989 : 903F;
  3990 : 902F;
  3991 : 9508;
  3992 : 019B;
  3993 : 5F29;
  3994 : 4F3F;
  3995 : 01AC;
  3996 : 5F4B;
  3997 : 4F5F;
  3998 : 940E;
  3999 : 07D8;
  4000 : 01F8;
  4001 : 5EE7;
  4002 : 4FF7;
  4003 : 01CE;
  4004 : 9606;
  4005 : 01DE;
  4006 : 9611;
  4007 : 9124;
  4008 : 932D;
  4009 : 9631;
  4010 : 178A;
  4011 : 079B;
  4012 : F7D1;
  4013 : 821E;
  4014 : E088;
  4015 : 2ED8;
  4016 : E091;
  4017 : 2EE9;
  4018 : 2CF1;
  4019 : 0EEC;
  4020 : 1EFD;
  4021 : E096;
  4022 : 0EE9;
  4023 : 1CF1;
  4024 : 018E;
  4025 : 5F0F;
  4026 : 4F1F;
  4027 : 01F8;
  4028 : 9181;
  4029 : 018F;
  4030 : 2183;
  4031 : F121;
  4032 : 01C5;
  4033 : 940E;
  4034 : 06B7;
  4035 : 16E0;
  4036 : 06F1;
  4037 : F7A9;
  4038 : 0C33;
  4039 : 94DA;
  4040 : F779;
  4041 : E080;
  4042 : 9660;
  4043 : B60F;
  4044 : 94F8;
  4045 : BFDE;
  4046 : BE0F;
  4047 : BFCD;
  4048 : 91DF;
  4049 : 91CF;
  4050 : 911F;
  4051 : 910F;
  4052 : 90FF;
  4053 : 90EF;
  4054 : 90DF;
  4055 : 90CF;
  4056 : 90BF;
  4057 : 90AF;
  4058 : 909F;
  4059 : 908F;
  4060 : 907F;
  4061 : 906F;
  4062 : 905F;
  4063 : 904F;
  4064 : 903F;
  4065 : 902F;
  4066 : 940C;
  4067 : 06AB;
  4068 : 01C4;
  4069 : CFDB;
  4070 : 8A18;
  4071 : CF67;
  4072 : 148A;
  4073 : 049B;
  4074 : F409;
  4075 : CF72;
  4076 : E031;
  4077 : 0184;
  4078 : 1233;
  4079 : C002;
  4080 : 01A4;
  4081 : CF67;
  4082 : 852B;
  4083 : E030;
  4084 : 2F42;
  4085 : E050;
  4086 : 01B3;
  4087 : 8589;
  4088 : 859A;
  4089 : 940E;
  4090 : 0813;
  4091 : CF62;
  4092 : 922F;
  4093 : 923F;
  4094 : 924F;
  4095 : 925F;
  4096 : 926F;
  4097 : 927F;
  4098 : 928F;
  4099 : 929F;
  4100 : 92AF;
  4101 : 92BF;
  4102 : 92CF;
  4103 : 92DF;
  4104 : 92EF;
  4105 : 92FF;
  4106 : 930F;
  4107 : 931F;
  4108 : 93CF;
  4109 : 93DF;
  4110 : D000;
  4111 : D000;
  4112 : D000;
  4113 : B7CD;
  4114 : B7DE;
  4115 : 015B;
  4116 : 834D;
  4117 : 835E;
  4118 : 90E0;
  4119 : 03FC;
  4120 : 3021;
  4121 : 0531;
  4122 : F569;
  4123 : 9100;
  4124 : 040E;
  4125 : 9110;
  4126 : 040F;
  4127 : 9120;
  4128 : 0410;
  4129 : 9130;
  4130 : 0411;
  4131 : 2F48;
  4132 : 816D;
  4133 : 817E;
  4134 : 01C5;
  4135 : 940E;
  4136 : 0EE7;
  4137 : 9180;
  4138 : 03FC;
  4139 : E026;
  4140 : 9F82;
  4141 : 01C0;
  4142 : 2411;
  4143 : 900F;
  4144 : 900F;
  4145 : 900F;
  4146 : 900F;
  4147 : 900F;
  4148 : 900F;
  4149 : 91DF;
  4150 : 91CF;
  4151 : 911F;
  4152 : 910F;
  4153 : 90FF;
  4154 : 90EF;
  4155 : 90DF;
  4156 : 90CF;
  4157 : 90BF;
  4158 : 90AF;
  4159 : 909F;
  4160 : 908F;
  4161 : 907F;
  4162 : 906F;
  4163 : 905F;
  4164 : 904F;
  4165 : 903F;
  4166 : 902F;
  4167 : 9508;
  4168 : 2C41;
  4169 : 2C51;
  4170 : 3022;
  4171 : 0531;
  4172 : F009;
  4173 : C062;
  4174 : 9780;
  4175 : 01FC;
  4176 : 0FEE;
  4177 : 1FFF;
  4178 : 54E7;
  4179 : 4FFF;
  4180 : 90C5;
  4181 : 90D5;
  4182 : 5487;
  4183 : 4F98;
  4184 : 01FC;
  4185 : 9184;
  4186 : 2E48;
  4187 : 2C51;
  4188 : 9D8E;
  4189 : 01C0;
  4190 : 2411;
  4191 : 01AC;
  4192 : 0D4A;
  4193 : 1D5B;
  4194 : 9120;
  4195 : 0103;
  4196 : 9130;
  4197 : 0104;
  4198 : 1742;
  4199 : 0753;
  4200 : F634;
  4201 : 0132;
  4202 : E0F7;
  4203 : 0E6F;
  4204 : 1C71;
  4205 : E053;
  4206 : 9475;
  4207 : 9467;
  4208 : 955A;
  4209 : F7E1;
  4210 : 9120;
  4211 : 0410;
  4212 : 9130;
  4213 : 0411;
  4214 : 9180;
  4215 : 040E;
  4216 : 9190;
  4217 : 040F;
  4218 : 1728;
  4219 : 0739;
  4220 : F021;
  4221 : E021;
  4222 : 16E2;
  4223 : F409;
  4224 : C08B;
  4225 : E140;
  4226 : 2E24;
  4227 : 2C31;
  4228 : 9100;
  4229 : 040E;
  4230 : 9110;
  4231 : 040F;
  4232 : 9180;
  4233 : 0410;
  4234 : 9190;
  4235 : 0411;
  4236 : 1780;
  4237 : 0791;
  4238 : F061;
  4239 : 2D2E;
  4240 : E030;
  4241 : 9CE4;
  4242 : 01A0;
  4243 : 9CE5;
  4244 : 0D50;
  4245 : 2411;
  4246 : 816D;
  4247 : 817E;
  4248 : 01C5;
  4249 : 940E;
  4250 : 0813;
  4251 : 2C81;
  4252 : 2C91;
  4253 : 90E0;
  4254 : 03FC;
  4255 : 1486;
  4256 : 0497;
  4257 : F4B1;
  4258 : 818D;
  4259 : 819E;
  4260 : 0D8E;
  4261 : 1D91;
  4262 : 838D;
  4263 : 839E;
  4264 : E091;
  4265 : 1A29;
  4266 : 0831;
  4267 : 0CC6;
  4268 : 1CD7;
  4269 : 1421;
  4270 : 0431;
  4271 : F6A1;
  4272 : 9120;
  4273 : 03FC;
  4274 : 9D24;
  4275 : 01C0;
  4276 : 9D25;
  4277 : 0D90;
  4278 : 2411;
  4279 : CF77;
  4280 : 01F4;
  4281 : 0DEC;
  4282 : 1DFD;
  4283 : 91E4;
  4284 : 11E1;
  4285 : C004;
  4286 : EF3F;
  4287 : 1A83;
  4288 : 0A93;
  4289 : CFDB;
  4290 : 2D2E;
  4291 : 2D38;
  4292 : 0332;
  4293 : 0170;
  4294 : 2411;
  4295 : E033;
  4296 : 0CEE;
  4297 : 1CFF;
  4298 : 953A;
  4299 : F7E1;
  4300 : 01C7;
  4301 : 0D8A;
  4302 : 1D9B;
  4303 : 8389;
  4304 : 839A;
  4305 : 2CE1;
  4306 : 2CF1;
  4307 : 83EB;
  4308 : 821C;
  4309 : E880;
  4310 : E090;
  4311 : 2C0E;
  4312 : C002;
  4313 : 9595;
  4314 : 9587;
  4315 : 940A;
  4316 : F7E2;
  4317 : 81EB;
  4318 : 81FC;
  4319 : 238E;
  4320 : 239F;
  4321 : 2B89;
  4322 : F089;
  4323 : 9120;
  4324 : 03FC;
  4325 : 9100;
  4326 : 0410;
  4327 : 9110;
  4328 : 0411;
  4329 : 3021;
  4330 : F489;
  4331 : 01A8;
  4332 : 816D;
  4333 : 817E;
  4334 : 8189;
  4335 : 819A;
  4336 : 0D8E;
  4337 : 1D9F;
  4338 : 940E;
  4339 : 0866;
  4340 : EFFF;
  4341 : 1AEF;
  4342 : 0AFF;
  4343 : E028;
  4344 : 16E2;
  4345 : 04F1;
  4346 : F6D1;
  4347 : CFC2;
  4348 : 2F42;
  4349 : E050;
  4350 : 2D3E;
  4351 : 0332;
  4352 : 01C0;
  4353 : 2411;
  4354 : 019A;
  4355 : 816D;
  4356 : 817E;
  4357 : 81E9;
  4358 : 81FA;
  4359 : 0F8E;
  4360 : 1F9F;
  4361 : 940E;
  4362 : 0813;
  4363 : CFE8;
  4364 : 812D;
  4365 : 813E;
  4366 : 5F21;
  4367 : 4F3F;
  4368 : 01A3;
  4369 : E083;
  4370 : 0F44;
  4371 : 1F55;
  4372 : 958A;
  4373 : F7E1;
  4374 : 0D4A;
  4375 : 1D5B;
  4376 : 5041;
  4377 : 0951;
  4378 : 816D;
  4379 : 817E;
  4380 : 01C5;
  4381 : 940E;
  4382 : 07D8;
  4383 : E190;
  4384 : 2EA9;
  4385 : 2CB1;
  4386 : E820;
  4387 : 2E82;
  4388 : 2C91;
  4389 : 8219;
  4390 : 821A;
  4391 : C027;
  4392 : 81E9;
  4393 : 81FA;
  4394 : 0DEC;
  4395 : 1DFD;
  4396 : 91E4;
  4397 : 2CE1;
  4398 : 2CF1;
  4399 : 2F0E;
  4400 : E010;
  4401 : 01C4;
  4402 : 2C0E;
  4403 : C002;
  4404 : 9595;
  4405 : 9587;
  4406 : 940A;
  4407 : F7E2;
  4408 : 2380;
  4409 : 2391;
  4410 : 2B89;
  4411 : F131;
  4412 : 9180;
  4413 : 0410;
  4414 : 9190;
  4415 : 0411;
  4416 : 940E;
  4417 : 06B7;
  4418 : EFEF;
  4419 : 1AEE;
  4420 : 0AFE;
  4421 : E0F8;
  4422 : 16EF;
  4423 : 04F1;
  4424 : F741;
  4425 : 8129;
  4426 : 813A;
  4427 : 5F2F;
  4428 : 4F3F;
  4429 : 8329;
  4430 : 833A;
  4431 : 8189;
  4432 : 819A;
  4433 : 1586;
  4434 : 0597;
  4435 : F6A1;
  4436 : E091;
  4437 : 1AA9;
  4438 : 08B1;
  4439 : 81E9;
  4440 : 81FA;
  4441 : 0ECE;
  4442 : 1EDF;
  4443 : 14A1;
  4444 : 04B1;
  4445 : F639;
  4446 : E080;
  4447 : 940E;
  4448 : 06AB;
  4449 : CF4E;
  4450 : 9180;
  4451 : 040E;
  4452 : 9190;
  4453 : 040F;
  4454 : CFD9;
  4455 : 308D;
  4456 : F149;
  4457 : 9120;
  4458 : 03FD;
  4459 : 3022;
  4460 : F541;
  4461 : 2F48;
  4462 : 5240;
  4463 : 0B55;
  4464 : 01FA;
  4465 : 54E7;
  4466 : 4FF8;
  4467 : 9144;
  4468 : E050;
  4469 : 5F4A;
  4470 : 4F5F;
  4471 : 7F48;
  4472 : 7051;
  4473 : E160;
  4474 : E070;
  4475 : 9190;
  4476 : 03FC;
  4477 : 9F96;
  4478 : 01D0;
  4479 : 9F97;
  4480 : 0DB0;
  4481 : 2411;
  4482 : 9160;
  4483 : 0404;
  4484 : 9170;
  4485 : 0405;
  4486 : 308A;
  4487 : F4B9;
  4488 : 0F6A;
  4489 : 1F7B;
  4490 : 9360;
  4491 : 0404;
  4492 : 9370;
  4493 : 0405;
  4494 : 9210;
  4495 : 0406;
  4496 : 9210;
  4497 : 0407;
  4498 : E081;
  4499 : E090;
  4500 : 9508;
  4501 : E060;
  4502 : E070;
  4503 : 01AB;
  4504 : 3021;
  4505 : F709;
  4506 : E068;
  4507 : E070;
  4508 : E046;
  4509 : E050;
  4510 : CFDC;
  4511 : 9130;
  4512 : 0100;
  4513 : 1531;
  4514 : F0E1;
  4515 : 9F94;
  4516 : 01F0;
  4517 : 9F95;
  4518 : 0DF0;
  4519 : 2411;
  4520 : 9140;
  4521 : 0406;
  4522 : 9150;
  4523 : 0407;
  4524 : 0F4E;
  4525 : 1F5F;
  4526 : 91E0;
  4527 : 0103;
  4528 : 91F0;
  4529 : 0104;
  4530 : 174E;
  4531 : 075F;
  4532 : F050;
  4533 : 0F6A;
  4534 : 1F7B;
  4535 : 9360;
  4536 : 0404;
  4537 : 9370;
  4538 : 0405;
  4539 : 9210;
  4540 : 0406;
  4541 : 9210;
  4542 : 0407;
  4543 : E030;
  4544 : 9140;
  4545 : 0404;
  4546 : 9150;
  4547 : 0405;
  4548 : 9160;
  4549 : 0406;
  4550 : 9170;
  4551 : 0407;
  4552 : E090;
  4553 : 940E;
  4554 : 0FFC;
  4555 : 9120;
  4556 : 0406;
  4557 : 9130;
  4558 : 0407;
  4559 : 0F28;
  4560 : 1F39;
  4561 : 9320;
  4562 : 0406;
  4563 : 9330;
  4564 : 0407;
  4565 : CFBC;
  4566 : 93CF;
  4567 : 93DF;
  4568 : 01EC;
  4569 : 8188;
  4570 : 1181;
  4571 : C003;
  4572 : 91DF;
  4573 : 91CF;
  4574 : 9508;
  4575 : 9621;
  4576 : 940E;
  4577 : 1167;
  4578 : CFF6;
  4579 : 1181;
  4580 : C001;
  4581 : E081;
  4582 : 9380;
  4583 : 03FD;
  4584 : 9508;
  4585 : 92AF;
  4586 : 92BF;
  4587 : 92CF;
  4588 : 92DF;
  4589 : 92EF;
  4590 : 92FF;
  4591 : 930F;
  4592 : 931F;
  4593 : 93CF;
  4594 : 93DF;
  4595 : 015C;
  4596 : 017B;
  4597 : 01EA;
  4598 : 0169;
  4599 : 0198;
  4600 : 940E;
  4601 : 0891;
  4602 : 01B7;
  4603 : 0D6C;
  4604 : 1D7D;
  4605 : 5061;
  4606 : 0971;
  4607 : 0198;
  4608 : 01AE;
  4609 : 01C5;
  4610 : 940E;
  4611 : 0891;
  4612 : 0198;
  4613 : 01A6;
  4614 : 01B7;
  4615 : 01C5;
  4616 : 940E;
  4617 : 08BB;
  4618 : 0DCA;
  4619 : 1DDB;
  4620 : 0198;
  4621 : 01A6;
  4622 : 01B7;
  4623 : 01CE;
  4624 : 9701;
  4625 : 91DF;
  4626 : 91CF;
  4627 : 911F;
  4628 : 910F;
  4629 : 90FF;
  4630 : 90EF;
  4631 : 90DF;
  4632 : 90CF;
  4633 : 90BF;
  4634 : 90AF;
  4635 : 940C;
  4636 : 08BB;
  4637 : 92EF;
  4638 : 92FF;
  4639 : 930F;
  4640 : 931F;
  4641 : 93CF;
  4642 : 93DF;
  4643 : D000;
  4644 : D000;
  4645 : B7CD;
  4646 : B7DE;
  4647 : 836B;
  4648 : 837C;
  4649 : 8349;
  4650 : 835A;
  4651 : 9320;
  4652 : 0410;
  4653 : 9330;
  4654 : 0411;
  4655 : 9300;
  4656 : 040E;
  4657 : 9310;
  4658 : 040F;
  4659 : E021;
  4660 : 9320;
  4661 : 03FC;
  4662 : 018C;
  4663 : 2CF1;
  4664 : 01F8;
  4665 : 8180;
  4666 : 1581;
  4667 : F0C1;
  4668 : 5F0F;
  4669 : 4F1F;
  4670 : 0197;
  4671 : 8149;
  4672 : 815A;
  4673 : 816B;
  4674 : 817C;
  4675 : E090;
  4676 : 940E;
  4677 : 0FFC;
  4678 : 812B;
  4679 : 813C;
  4680 : 0F28;
  4681 : 1F39;
  4682 : 832B;
  4683 : 833C;
  4684 : 9180;
  4685 : 0103;
  4686 : 9190;
  4687 : 0104;
  4688 : 9705;
  4689 : 1782;
  4690 : 0793;
  4691 : F720;
  4692 : 900F;
  4693 : 900F;
  4694 : 900F;
  4695 : 900F;
  4696 : 91DF;
  4697 : 91CF;
  4698 : 911F;
  4699 : 910F;
  4700 : 90FF;
  4701 : 90EF;
  4702 : 9508;
  4703 : 92AF;
  4704 : 92BF;
  4705 : 92CF;
  4706 : 92DF;
  4707 : 92EF;
  4708 : 92FF;
  4709 : 930F;
  4710 : 931F;
  4711 : 93CF;
  4712 : 93DF;
  4713 : 01D9;
  4714 : 0198;
  4715 : 0187;
  4716 : 01FC;
  4717 : 9001;
  4718 : 2000;
  4719 : F7E9;
  4720 : 9731;
  4721 : 01EF;
  4722 : 1BC8;
  4723 : 0BD9;
  4724 : 178E;
  4725 : 079F;
  4726 : F129;
  4727 : E0E2;
  4728 : 12CE;
  4729 : C02D;
  4730 : 015C;
  4731 : 0FC8;
  4732 : 1FD9;
  4733 : 2CE1;
  4734 : 2CF1;
  4735 : 01F5;
  4736 : 90D1;
  4737 : 015F;
  4738 : 2DED;
  4739 : E0F0;
  4740 : 54E7;
  4741 : 4FF8;
  4742 : 91E4;
  4743 : 0EEE;
  4744 : 1CF1;
  4745 : 15CA;
  4746 : 05DB;
  4747 : F799;
  4748 : E0F1;
  4749 : 1AEF;
  4750 : 08F1;
  4751 : 01FA;
  4752 : 1BE6;
  4753 : 0BF7;
  4754 : 19EE;
  4755 : 09FF;
  4756 : 95F6;
  4757 : 95E7;
  4758 : 0F6E;
  4759 : 1F7F;
  4760 : 2CEC;
  4761 : 01AD;
  4762 : 940E;
  4763 : 121D;
  4764 : 91DF;
  4765 : 91CF;
  4766 : 911F;
  4767 : 910F;
  4768 : 90FF;
  4769 : 90EF;
  4770 : 90DF;
  4771 : 90CF;
  4772 : 90BF;
  4773 : 90AF;
  4774 : 9508;
  4775 : 9ECC;
  4776 : 0170;
  4777 : 9ECD;
  4778 : 0CF0;
  4779 : 2411;
  4780 : E0C6;
  4781 : 9DCE;
  4782 : 01F0;
  4783 : 9DCF;
  4784 : 0DF0;
  4785 : 2411;
  4786 : 9731;
  4787 : 017F;
  4788 : CFDA;
  4789 : 92CF;
  4790 : 92DF;
  4791 : 92EF;
  4792 : 92FF;
  4793 : 931F;
  4794 : 93CF;
  4795 : 93DF;
  4796 : B7CD;
  4797 : B7DE;
  4798 : 972E;
  4799 : B60F;
  4800 : 94F8;
  4801 : BFDE;
  4802 : BE0F;
  4803 : BFCD;
  4804 : 016B;
  4805 : 017C;
  4806 : 14C1;
  4807 : 04D1;
  4808 : 04E1;
  4809 : 04F1;
  4810 : F489;
  4811 : EF86;
  4812 : E091;
  4813 : 962E;
  4814 : B60F;
  4815 : 94F8;
  4816 : BFDE;
  4817 : BE0F;
  4818 : BFCD;
  4819 : 91DF;
  4820 : 91CF;
  4821 : 911F;
  4822 : 90FF;
  4823 : 90EF;
  4824 : 90DF;
  4825 : 90CF;
  4826 : 940C;
  4827 : 11D6;
  4828 : F464;
  4829 : EF88;
  4830 : E091;
  4831 : 940E;
  4832 : 11D6;
  4833 : 94F0;
  4834 : 94E0;
  4835 : 94D0;
  4836 : 94C0;
  4837 : 1CC1;
  4838 : 1CD1;
  4839 : 1CE1;
  4840 : 1CF1;
  4841 : E010;
  4842 : 01B6;
  4843 : 01C7;
  4844 : E02A;
  4845 : E030;
  4846 : E040;
  4847 : E050;
  4848 : 940E;
  4849 : 281C;
  4850 : 01FE;
  4851 : 9631;
  4852 : 0FE1;
  4853 : 1DF1;
  4854 : 5F1F;
  4855 : 5D60;
  4856 : 8360;
  4857 : 0169;
  4858 : 017A;
  4859 : 14C1;
  4860 : 04D1;
  4861 : 04E1;
  4862 : 04F1;
  4863 : F751;
  4864 : 1111;
  4865 : C00E;
  4866 : 962E;
  4867 : B60F;
  4868 : 94F8;
  4869 : BFDE;
  4870 : BE0F;
  4871 : BFCD;
  4872 : 91DF;
  4873 : 91CF;
  4874 : 911F;
  4875 : 90FF;
  4876 : 90EF;
  4877 : 90DF;
  4878 : 90CF;
  4879 : 9508;
  4880 : 5011;
  4881 : 01FE;
  4882 : 9631;
  4883 : 0FE1;
  4884 : 1DF1;
  4885 : 8180;
  4886 : 878D;
  4887 : 861E;
  4888 : 01CE;
  4889 : 960D;
  4890 : 940E;
  4891 : 11D6;
  4892 : CFE3;
  4893 : 92CF;
  4894 : 92DF;
  4895 : 92EF;
  4896 : 92FF;
  4897 : 93CF;
  4898 : 93DF;
  4899 : D000;
  4900 : D000;
  4901 : D000;
  4902 : B7CD;
  4903 : B7DE;
  4904 : 016B;
  4905 : 017C;
  4906 : 834D;
  4907 : E040;
  4908 : E050;
  4909 : 019A;
  4910 : 940E;
  4911 : 28B8;
  4912 : FF87;
  4913 : C008;
  4914 : EF88;
  4915 : E091;
  4916 : 940E;
  4917 : 11D6;
  4918 : FAF7;
  4919 : 94F0;
  4920 : F8F7;
  4921 : 94F0;
  4922 : 01B6;
  4923 : 01C7;
  4924 : 940E;
  4925 : 2936;
  4926 : 8369;
  4927 : 837A;
  4928 : 838B;
  4929 : 839C;
  4930 : 940E;
  4931 : 12B5;
  4932 : 812D;
  4933 : 1521;
  4934 : F1E1;
  4935 : EB80;
  4936 : E092;
  4937 : 940E;
  4938 : 11D6;
  4939 : 8169;
  4940 : 817A;
  4941 : 818B;
  4942 : 819C;
  4943 : 940E;
  4944 : 2965;
  4945 : 019B;
  4946 : 01AC;
  4947 : 01B6;
  4948 : 01C7;
  4949 : 940E;
  4950 : 284B;
  4951 : 2FE6;
  4952 : 821E;
  4953 : E020;
  4954 : E030;
  4955 : E240;
  4956 : E451;
  4957 : 2ECE;
  4958 : 2ED7;
  4959 : 01B6;
  4960 : 940E;
  4961 : 2A1C;
  4962 : 8369;
  4963 : 837A;
  4964 : 838B;
  4965 : 839C;
  4966 : 940E;
  4967 : 2936;
  4968 : 2EC6;
  4969 : 2CD1;
  4970 : 2CE1;
  4971 : 2CF1;
  4972 : 01B6;
  4973 : 01C7;
  4974 : 940E;
  4975 : 12B5;
  4976 : 01B6;
  4977 : 01C7;
  4978 : 940E;
  4979 : 2965;
  4980 : 019B;
  4981 : 01AC;
  4982 : 8169;
  4983 : 817A;
  4984 : 818B;
  4985 : 819C;
  4986 : 940E;
  4987 : 284B;
  4988 : 2FE6;
  4989 : 813E;
  4990 : 5F3F;
  4991 : 833E;
  4992 : 812D;
  4993 : 1323;
  4994 : CFD6;
  4995 : 900F;
  4996 : 900F;
  4997 : 900F;
  4998 : 900F;
  4999 : 900F;
  5000 : 900F;
  5001 : 91DF;
  5002 : 91CF;
  5003 : 90FF;
  5004 : 90EF;
  5005 : 90DF;
  5006 : 90CF;
  5007 : 9508;
  5008 : 92FF;
  5009 : 930F;
  5010 : 931F;
  5011 : 93CF;
  5012 : 93DF;
  5013 : B7CD;
  5014 : B7DE;
  5015 : 9729;
  5016 : B60F;
  5017 : 94F8;
  5018 : BFDE;
  5019 : BE0F;
  5020 : BFCD;
  5021 : 018C;
  5022 : 9700;
  5023 : F534;
  5024 : EF88;
  5025 : E091;
  5026 : 940E;
  5027 : 11D6;
  5028 : 9511;
  5029 : 9501;
  5030 : 0911;
  5031 : 2CF1;
  5032 : E02A;
  5033 : E030;
  5034 : 01C8;
  5035 : 01B9;
  5036 : 940E;
  5037 : 27E6;
  5038 : 01FE;
  5039 : 9631;
  5040 : 0DEF;
  5041 : 1DF1;
  5042 : 94F3;
  5043 : 5D80;
  5044 : 8380;
  5045 : 018B;
  5046 : 2B67;
  5047 : F791;
  5048 : 10F1;
  5049 : C01C;
  5050 : 9629;
  5051 : B60F;
  5052 : 94F8;
  5053 : BFDE;
  5054 : BE0F;
  5055 : BFCD;
  5056 : 91DF;
  5057 : 91CF;
  5058 : 911F;
  5059 : 910F;
  5060 : 90FF;
  5061 : 9508;
  5062 : F701;
  5063 : EF86;
  5064 : E091;
  5065 : 9629;
  5066 : B60F;
  5067 : 94F8;
  5068 : BFDE;
  5069 : BE0F;
  5070 : BFCD;
  5071 : 91DF;
  5072 : 91CF;
  5073 : 911F;
  5074 : 910F;
  5075 : 90FF;
  5076 : 940C;
  5077 : 11D6;
  5078 : 94FA;
  5079 : 01FE;
  5080 : 9631;
  5081 : 0DEF;
  5082 : 1DF1;
  5083 : 8180;
  5084 : 8788;
  5085 : 8619;
  5086 : 01CE;
  5087 : 9608;
  5088 : 940E;
  5089 : 11D6;
  5090 : CFD5;
  5091 : B987;
  5092 : 9508;
  5093 : 019B;
  5094 : 01AC;
  5095 : E084;
  5096 : 0F22;
  5097 : 1F33;
  5098 : 1F44;
  5099 : 1F55;
  5100 : 958A;
  5101 : F7D1;
  5102 : E060;
  5103 : E877;
  5104 : E983;
  5105 : E093;
  5106 : 940E;
  5107 : 27FA;
  5108 : 5021;
  5109 : 0931;
  5110 : 9330;
  5111 : 0090;
  5112 : B929;
  5113 : E188;
  5114 : B98A;
  5115 : E086;
  5116 : 9380;
  5117 : 0095;
  5118 : 9508;
  5119 : 9B5D;
  5120 : CFFE;
  5121 : B98C;
  5122 : 9508;
  5123 : 93CF;
  5124 : 93DF;
  5125 : 01EC;
  5126 : 8188;
  5127 : 1181;
  5128 : C003;
  5129 : 91DF;
  5130 : 91CF;
  5131 : 9508;
  5132 : 9621;
  5133 : 940E;
  5134 : 13FF;
  5135 : CFF6;
  5136 : 940C;
  5137 : 13FF;
  5138 : 930F;
  5139 : 931F;
  5140 : 93CF;
  5141 : 93DF;
  5142 : B7CD;
  5143 : B7DE;
  5144 : 9761;
  5145 : B60F;
  5146 : 94F8;
  5147 : BFDE;
  5148 : BE0F;
  5149 : BFCD;
  5150 : 018C;
  5151 : E181;
  5152 : EFEA;
  5153 : E0F1;
  5154 : 01DE;
  5155 : 9611;
  5156 : 9001;
  5157 : 920D;
  5158 : 958A;
  5159 : F7E1;
  5160 : 2FE1;
  5161 : 95E2;
  5162 : 70EF;
  5163 : E0F0;
  5164 : 01CE;
  5165 : 9601;
  5166 : 0FE8;
  5167 : 1FF9;
  5168 : 8180;
  5169 : 940E;
  5170 : 13FF;
  5171 : 2FE1;
  5172 : 70EF;
  5173 : E0F0;
  5174 : 01CE;
  5175 : 9601;
  5176 : 0FE8;
  5177 : 1FF9;
  5178 : 8180;
  5179 : 940E;
  5180 : 13FF;
  5181 : 01F8;
  5182 : E024;
  5183 : 95F6;
  5184 : 95E7;
  5185 : 952A;
  5186 : F7E1;
  5187 : 70EF;
  5188 : E0F0;
  5189 : 01CE;
  5190 : 9601;
  5191 : 0FE8;
  5192 : 1FF9;
  5193 : 8180;
  5194 : 940E;
  5195 : 13FF;
  5196 : 2FE0;
  5197 : 70EF;
  5198 : E0F0;
  5199 : 01CE;
  5200 : 9601;
  5201 : 0FE8;
  5202 : 1FF9;
  5203 : 8180;
  5204 : 9661;
  5205 : B60F;
  5206 : 94F8;
  5207 : BFDE;
  5208 : BE0F;
  5209 : BFCD;
  5210 : 91DF;
  5211 : 91CF;
  5212 : 911F;
  5213 : 910F;
  5214 : 940C;
  5215 : 13FF;
  5216 : 92FF;
  5217 : 930F;
  5218 : 931F;
  5219 : 93CF;
  5220 : 93DF;
  5221 : D000;
  5222 : D000;
  5223 : D000;
  5224 : 920F;
  5225 : B7CD;
  5226 : B7DE;
  5227 : 018C;
  5228 : FF97;
  5229 : C006;
  5230 : E28D;
  5231 : 940E;
  5232 : 13FF;
  5233 : 9511;
  5234 : 9501;
  5235 : 0911;
  5236 : 2CF1;
  5237 : E02A;
  5238 : E030;
  5239 : 01C8;
  5240 : 01B9;
  5241 : 940E;
  5242 : 27E6;
  5243 : 01FE;
  5244 : 9631;
  5245 : 0DEF;
  5246 : 1DF1;
  5247 : 94F3;
  5248 : 5D80;
  5249 : 8380;
  5250 : 018B;
  5251 : 2B67;
  5252 : F791;
  5253 : 10F1;
  5254 : C00C;
  5255 : 9627;
  5256 : B60F;
  5257 : 94F8;
  5258 : BFDE;
  5259 : BE0F;
  5260 : BFCD;
  5261 : 91DF;
  5262 : 91CF;
  5263 : 911F;
  5264 : 910F;
  5265 : 90FF;
  5266 : 9508;
  5267 : 94FA;
  5268 : 01FE;
  5269 : 9631;
  5270 : 0DEF;
  5271 : 1DF1;
  5272 : 8180;
  5273 : 940E;
  5274 : 13FF;
  5275 : CFE9;
  5276 : 931F;
  5277 : 93CF;
  5278 : 93DF;
  5279 : B7CD;
  5280 : B7DE;
  5281 : 9761;
  5282 : B60F;
  5283 : 94F8;
  5284 : BFDE;
  5285 : BE0F;
  5286 : BFCD;
  5287 : 2F18;
  5288 : E181;
  5289 : EFEA;
  5290 : E0F1;
  5291 : 01DE;
  5292 : 9611;
  5293 : 9001;
  5294 : 920D;
  5295 : 958A;
  5296 : F7E1;
  5297 : 2F81;
  5298 : 9582;
  5299 : 708F;
  5300 : 01FE;
  5301 : 9631;
  5302 : 0FE8;
  5303 : 1DF1;
  5304 : 8180;
  5305 : 940E;
  5306 : 13FF;
  5307 : 701F;
  5308 : 01FE;
  5309 : 9631;
  5310 : 0FE1;
  5311 : 1DF1;
  5312 : 8180;
  5313 : 9661;
  5314 : B60F;
  5315 : 94F8;
  5316 : BFDE;
  5317 : BE0F;
  5318 : BFCD;
  5319 : 91DF;
  5320 : 91CF;
  5321 : 911F;
  5322 : 940C;
  5323 : 13FF;
  5324 : 92DF;
  5325 : 92EF;
  5326 : 92FF;
  5327 : 930F;
  5328 : 931F;
  5329 : 93CF;
  5330 : 93DF;
  5331 : B7CD;
  5332 : B7DE;
  5333 : 972B;
  5334 : B60F;
  5335 : 94F8;
  5336 : BFDE;
  5337 : BE0F;
  5338 : BFCD;
  5339 : 2ED6;
  5340 : 2EE7;
  5341 : 2EF8;
  5342 : 2F09;
  5343 : E010;
  5344 : 2D6D;
  5345 : 2D7E;
  5346 : 2D8F;
  5347 : 2F90;
  5348 : E02A;
  5349 : E030;
  5350 : E040;
  5351 : E050;
  5352 : 940E;
  5353 : 27FA;
  5354 : 01FE;
  5355 : 9631;
  5356 : 0FE1;
  5357 : 1DF1;
  5358 : 5F1F;
  5359 : 5D60;
  5360 : 8360;
  5361 : 2D8D;
  5362 : 2D9E;
  5363 : 2DAF;
  5364 : 2FB0;
  5365 : 2ED2;
  5366 : 2EE3;
  5367 : 2EF4;
  5368 : 2F05;
  5369 : 970A;
  5370 : 05A1;
  5371 : 05B1;
  5372 : F718;
  5373 : 1111;
  5374 : C00E;
  5375 : 962B;
  5376 : B60F;
  5377 : 94F8;
  5378 : BFDE;
  5379 : BE0F;
  5380 : BFCD;
  5381 : 91DF;
  5382 : 91CF;
  5383 : 911F;
  5384 : 910F;
  5385 : 90FF;
  5386 : 90EF;
  5387 : 90DF;
  5388 : 9508;
  5389 : 5011;
  5390 : 01FE;
  5391 : 9631;
  5392 : 0FE1;
  5393 : 1DF1;
  5394 : 8180;
  5395 : 940E;
  5396 : 13FF;
  5397 : CFE7;
  5398 : 92CF;
  5399 : 92DF;
  5400 : 92EF;
  5401 : 92FF;
  5402 : 931F;
  5403 : 93CF;
  5404 : 93DF;
  5405 : D000;
  5406 : D000;
  5407 : 920F;
  5408 : B7CD;
  5409 : B7DE;
  5410 : 016B;
  5411 : 017C;
  5412 : 834D;
  5413 : E040;
  5414 : E050;
  5415 : 019A;
  5416 : 940E;
  5417 : 28B8;
  5418 : FF87;
  5419 : C007;
  5420 : E28D;
  5421 : 940E;
  5422 : 13FF;
  5423 : FAF7;
  5424 : 94F0;
  5425 : F8F7;
  5426 : 94F0;
  5427 : 01B6;
  5428 : 01C7;
  5429 : 940E;
  5430 : 2936;
  5431 : 8369;
  5432 : 837A;
  5433 : 838B;
  5434 : 839C;
  5435 : 940E;
  5436 : 14CC;
  5437 : 812D;
  5438 : 1521;
  5439 : F1B1;
  5440 : E28E;
  5441 : 940E;
  5442 : 13FF;
  5443 : 8169;
  5444 : 817A;
  5445 : 818B;
  5446 : 819C;
  5447 : 940E;
  5448 : 2965;
  5449 : 019B;
  5450 : 01AC;
  5451 : 01B6;
  5452 : 01C7;
  5453 : 940E;
  5454 : 284B;
  5455 : 2FE6;
  5456 : 8219;
  5457 : E020;
  5458 : E030;
  5459 : E240;
  5460 : E451;
  5461 : 2ECE;
  5462 : 2ED7;
  5463 : 01B6;
  5464 : 940E;
  5465 : 2A1C;
  5466 : 016B;
  5467 : 017C;
  5468 : 940E;
  5469 : 2936;
  5470 : 2F16;
  5471 : E380;
  5472 : 0F81;
  5473 : 940E;
  5474 : 13FF;
  5475 : 2F61;
  5476 : E070;
  5477 : E080;
  5478 : E090;
  5479 : 940E;
  5480 : 2965;
  5481 : 019B;
  5482 : 01AC;
  5483 : 01B6;
  5484 : 01C7;
  5485 : 940E;
  5486 : 284B;
  5487 : 2FE6;
  5488 : 8139;
  5489 : 5F3F;
  5490 : 8339;
  5491 : 812D;
  5492 : 1323;
  5493 : CFDB;
  5494 : 900F;
  5495 : 900F;
  5496 : 900F;
  5497 : 900F;
  5498 : 900F;
  5499 : 91DF;
  5500 : 91CF;
  5501 : 911F;
  5502 : 90FF;
  5503 : 90EF;
  5504 : 90DF;
  5505 : 90CF;
  5506 : 9508;
  5507 : EF8F;
  5508 : BB8A;
  5509 : E880;
  5510 : BB8B;
  5511 : 9508;
  5512 : 9AD8;
  5513 : 9508;
  5514 : 98D8;
  5515 : 9508;
  5516 : 9AD9;
  5517 : 9508;
  5518 : 98D9;
  5519 : 9508;
  5520 : 9ADA;
  5521 : 9508;
  5522 : 98DA;
  5523 : 9508;
  5524 : 9ADB;
  5525 : 9508;
  5526 : 98DB;
  5527 : 9508;
  5528 : 9508;
  5529 : BA12;
  5530 : 9508;
  5531 : 01FC;
  5532 : B390;
  5533 : 2F89;
  5534 : 7081;
  5535 : FF90;
  5536 : C007;
  5537 : B321;
  5538 : 712F;
  5539 : 8320;
  5540 : 9596;
  5541 : 7091;
  5542 : 01FB;
  5543 : 8390;
  5544 : 9508;
  5545 : 9582;
  5546 : 7F80;
  5547 : 0F66;
  5548 : 0F66;
  5549 : 2B86;
  5550 : B984;
  5551 : B954;
  5552 : B944;
  5553 : 9508;
  5554 : 9582;
  5555 : 7F80;
  5556 : B984;
  5557 : B125;
  5558 : B186;
  5559 : 2F92;
  5560 : 9508;
  5561 : E1E3;
  5562 : E0F4;
  5563 : E080;
  5564 : B984;
  5565 : B126;
  5566 : B145;
  5567 : 9321;
  5568 : 9341;
  5569 : 5F80;
  5570 : 3780;
  5571 : F7C1;
  5572 : 9508;
  5573 : 93CF;
  5574 : 93DF;
  5575 : 01EC;
  5576 : 812A;
  5577 : 813B;
  5578 : 814C;
  5579 : 815D;
  5580 : E667;
  5581 : E470;
  5582 : E583;
  5583 : E39A;
  5584 : 940E;
  5585 : 28BD;
  5586 : E020;
  5587 : E030;
  5588 : EF40;
  5589 : E451;
  5590 : 940E;
  5591 : 2A1C;
  5592 : E020;
  5593 : E030;
  5594 : E840;
  5595 : E457;
  5596 : 940E;
  5597 : 2A1C;
  5598 : 2FA8;
  5599 : 2F86;
  5600 : 2FB9;
  5601 : 2F97;
  5602 : 01BC;
  5603 : 01CD;
  5604 : 852C;
  5605 : 1121;
  5606 : 5890;
  5607 : 940E;
  5608 : 292F;
  5609 : 859A;
  5610 : 858B;
  5611 : 57C9;
  5612 : 40D4;
  5613 : F459;
  5614 : 9360;
  5615 : 4010;
  5616 : 9370;
  5617 : 4011;
  5618 : 9390;
  5619 : 4012;
  5620 : 9380;
  5621 : 4013;
  5622 : 91DF;
  5623 : 91CF;
  5624 : 9508;
  5625 : 9360;
  5626 : 4014;
  5627 : 9370;
  5628 : 4015;
  5629 : 9390;
  5630 : 4016;
  5631 : 9380;
  5632 : 4017;
  5633 : CFF4;
  5634 : 92CF;
  5635 : 92DF;
  5636 : 92EF;
  5637 : 92FF;
  5638 : 930F;
  5639 : 931F;
  5640 : 01AB;
  5641 : 01BC;
  5642 : E080;
  5643 : E090;
  5644 : E0A0;
  5645 : E4B0;
  5646 : 1748;
  5647 : 0759;
  5648 : 076A;
  5649 : 077B;
  5650 : F080;
  5651 : E020;
  5652 : E030;
  5653 : 0189;
  5654 : 9710;
  5655 : 4090;
  5656 : 4080;
  5657 : F489;
  5658 : 01B8;
  5659 : 01C9;
  5660 : 911F;
  5661 : 910F;
  5662 : 90FF;
  5663 : 90EF;
  5664 : 90DF;
  5665 : 90CF;
  5666 : 9508;
  5667 : E012;
  5668 : 95B6;
  5669 : 95A7;
  5670 : 9597;
  5671 : 9587;
  5672 : 951A;
  5673 : F7D1;
  5674 : CFE3;
  5675 : 0168;
  5676 : 0179;
  5677 : 0EC8;
  5678 : 1ED9;
  5679 : 1EEA;
  5680 : 1EFB;
  5681 : 9536;
  5682 : 9527;
  5683 : 9517;
  5684 : 9507;
  5685 : 154C;
  5686 : 055D;
  5687 : 056E;
  5688 : 057F;
  5689 : F040;
  5690 : 194C;
  5691 : 095D;
  5692 : 096E;
  5693 : 097F;
  5694 : 0F08;
  5695 : 1F19;
  5696 : 1F2A;
  5697 : 1F3B;
  5698 : E0E2;
  5699 : 95B6;
  5700 : 95A7;
  5701 : 9597;
  5702 : 9587;
  5703 : 95EA;
  5704 : F7D1;
  5705 : CFCC;
  5706 : 924F;
  5707 : 925F;
  5708 : 926F;
  5709 : 927F;
  5710 : 928F;
  5711 : 929F;
  5712 : 92AF;
  5713 : 92BF;
  5714 : 92CF;
  5715 : 92DF;
  5716 : 92EF;
  5717 : 92FF;
  5718 : 930F;
  5719 : 931F;
  5720 : 93CF;
  5721 : 93DF;
  5722 : D000;
  5723 : D000;
  5724 : D000;
  5725 : B7CD;
  5726 : B7DE;
  5727 : 8369;
  5728 : 837A;
  5729 : 018C;
  5730 : 2C41;
  5731 : 2C51;
  5732 : EF8F;
  5733 : 2E68;
  5734 : E087;
  5735 : 2E78;
  5736 : E040;
  5737 : EF58;
  5738 : 0142;
  5739 : 0152;
  5740 : 0162;
  5741 : 0172;
  5742 : 81E9;
  5743 : 81FA;
  5744 : 164E;
  5745 : 065F;
  5746 : F009;
  5747 : C05F;
  5748 : 9100;
  5749 : 0160;
  5750 : 9110;
  5751 : 0161;
  5752 : 01BA;
  5753 : 1966;
  5754 : 0977;
  5755 : 2F87;
  5756 : 0F88;
  5757 : 0B88;
  5758 : 2F98;
  5759 : 940E;
  5760 : 2967;
  5761 : 01D8;
  5762 : 936D;
  5763 : 937D;
  5764 : 938D;
  5765 : 939D;
  5766 : 01C2;
  5767 : 8249;
  5768 : 839A;
  5769 : 821B;
  5770 : 821C;
  5771 : 01B4;
  5772 : 01C5;
  5773 : 8129;
  5774 : 813A;
  5775 : 814B;
  5776 : 815C;
  5777 : 940E;
  5778 : 281C;
  5779 : 01B9;
  5780 : 01CA;
  5781 : 940E;
  5782 : 2967;
  5783 : 01D8;
  5784 : 9614;
  5785 : 936D;
  5786 : 937D;
  5787 : 938D;
  5788 : 939D;
  5789 : 01B6;
  5790 : 01C7;
  5791 : 940E;
  5792 : 2965;
  5793 : 016B;
  5794 : 017C;
  5795 : 8169;
  5796 : 817A;
  5797 : 818B;
  5798 : 819C;
  5799 : 940E;
  5800 : 2965;
  5801 : 019B;
  5802 : 01AC;
  5803 : 01B6;
  5804 : 01C7;
  5805 : 940E;
  5806 : 28BD;
  5807 : 940E;
  5808 : 2A8F;
  5809 : 940E;
  5810 : 2936;
  5811 : E080;
  5812 : E090;
  5813 : 940E;
  5814 : 2965;
  5815 : 01F8;
  5816 : 8760;
  5817 : 8771;
  5818 : 8782;
  5819 : 8793;
  5820 : 900F;
  5821 : 900F;
  5822 : 900F;
  5823 : 900F;
  5824 : 900F;
  5825 : 900F;
  5826 : 91DF;
  5827 : 91CF;
  5828 : 911F;
  5829 : 910F;
  5830 : 90FF;
  5831 : 90EF;
  5832 : 90DF;
  5833 : 90CF;
  5834 : 90BF;
  5835 : 90AF;
  5836 : 909F;
  5837 : 908F;
  5838 : 907F;
  5839 : 906F;
  5840 : 905F;
  5841 : 904F;
  5842 : 9508;
  5843 : 01F8;
  5844 : 91A1;
  5845 : 91B1;
  5846 : 018F;
  5847 : 174A;
  5848 : 075B;
  5849 : F40C;
  5850 : 01AD;
  5851 : 15A6;
  5852 : 05B7;
  5853 : F40C;
  5854 : 013D;
  5855 : 2E0B;
  5856 : 0C00;
  5857 : 0800;
  5858 : 0E8A;
  5859 : 1E9B;
  5860 : 1CA0;
  5861 : 1CB0;
  5862 : 019D;
  5863 : 940E;
  5864 : 27BB;
  5865 : 0EC6;
  5866 : 1ED7;
  5867 : 1EE8;
  5868 : 1EF9;
  5869 : EFFF;
  5870 : 1A4F;
  5871 : 0A5F;
  5872 : CF7D;
  5873 : 3183;
  5874 : F008;
  5875 : E182;
  5876 : 9380;
  5877 : 0445;
  5878 : BB84;
  5879 : 9508;
  5880 : 709F;
  5881 : BB83;
  5882 : BB93;
  5883 : BA13;
  5884 : 9508;
  5885 : FB60;
  5886 : 2799;
  5887 : F993;
  5888 : E420;
  5889 : 9F28;
  5890 : 2D20;
  5891 : 2411;
  5892 : 2B92;
  5893 : 5041;
  5894 : F009;
  5895 : E041;
  5896 : 9542;
  5897 : 7F40;
  5898 : 2B94;
  5899 : 6094;
  5900 : BB95;
  5901 : 9380;
  5902 : 04B7;
  5903 : 9360;
  5904 : 04B6;
  5905 : 9508;
  5906 : B605;
  5907 : FE01;
  5908 : CFFD;
  5909 : 9508;
  5910 : 9180;
  5911 : 04B7;
  5912 : 3082;
  5913 : F441;
  5914 : 9180;
  5915 : 0448;
  5916 : 1581;
  5917 : F021;
  5918 : E081;
  5919 : BF85;
  5920 : 9210;
  5921 : 0448;
  5922 : 9508;
  5923 : 92CF;
  5924 : 92DF;
  5925 : 92EF;
  5926 : 92FF;
  5927 : 930F;
  5928 : 931F;
  5929 : 93CF;
  5930 : 93DF;
  5931 : D000;
  5932 : D000;
  5933 : B7CD;
  5934 : B7DE;
  5935 : 8389;
  5936 : 839A;
  5937 : E189;
  5938 : 838B;
  5939 : 821C;
  5940 : 818B;
  5941 : 819C;
  5942 : E004;
  5943 : 3981;
  5944 : 0591;
  5945 : F409;
  5946 : E002;
  5947 : E010;
  5948 : E025;
  5949 : 2EC2;
  5950 : 2CD1;
  5951 : 0176;
  5952 : 8149;
  5953 : 815A;
  5954 : 816B;
  5955 : 817C;
  5956 : 01C6;
  5957 : 940E;
  5958 : 0866;
  5959 : 0EE0;
  5960 : 1EF1;
  5961 : 0EC0;
  5962 : 1ED1;
  5963 : E996;
  5964 : 16E9;
  5965 : E091;
  5966 : 06F9;
  5967 : F384;
  5968 : 818B;
  5969 : 819C;
  5970 : 964E;
  5971 : 838B;
  5972 : 839C;
  5973 : 3287;
  5974 : 4091;
  5975 : F6E1;
  5976 : E085;
  5977 : 838B;
  5978 : 821C;
  5979 : 818B;
  5980 : 819C;
  5981 : E004;
  5982 : 3C8D;
  5983 : 0591;
  5984 : F409;
  5985 : E002;
  5986 : E010;
  5987 : E189;
  5988 : 2EC8;
  5989 : 2CD1;
  5990 : 0176;
  5991 : 8149;
  5992 : 815A;
  5993 : 01B6;
  5994 : 818B;
  5995 : 819C;
  5996 : 940E;
  5997 : 0866;
  5998 : 0EE0;
  5999 : 1EF1;
  6000 : 0EC0;
  6001 : 1ED1;
  6002 : E09A;
  6003 : 16E9;
  6004 : E091;
  6005 : 06F9;
  6006 : F384;
  6007 : 818B;
  6008 : 819C;
  6009 : 9688;
  6010 : 838B;
  6011 : 839C;
  6012 : 3B8D;
  6013 : 4091;
  6014 : F6E1;
  6015 : 900F;
  6016 : 900F;
  6017 : 900F;
  6018 : 900F;
  6019 : 91DF;
  6020 : 91CF;
  6021 : 911F;
  6022 : 910F;
  6023 : 90FF;
  6024 : 90EF;
  6025 : 90DF;
  6026 : 90CF;
  6027 : 9508;
  6028 : 930F;
  6029 : 931F;
  6030 : 9180;
  6031 : 0448;
  6032 : 1181;
  6033 : C035;
  6034 : B605;
  6035 : FE01;
  6036 : C032;
  6037 : 9180;
  6038 : 04B7;
  6039 : 3082;
  6040 : F419;
  6041 : E081;
  6042 : 9380;
  6043 : 0448;
  6044 : BE1C;
  6045 : E081;
  6046 : BB8C;
  6047 : 91E0;
  6048 : 0168;
  6049 : 91F0;
  6050 : 0169;
  6051 : 91A0;
  6052 : 0166;
  6053 : 91B0;
  6054 : 0167;
  6055 : 01AF;
  6056 : 5E40;
  6057 : 4F5C;
  6058 : 9120;
  6059 : 4000;
  6060 : 9100;
  6061 : 4001;
  6062 : 9180;
  6063 : 4002;
  6064 : 9160;
  6065 : 4003;
  6066 : 9321;
  6067 : 9301;
  6068 : 938D;
  6069 : 936D;
  6070 : 17E4;
  6071 : 07F5;
  6072 : F789;
  6073 : 9180;
  6074 : 0148;
  6075 : 1581;
  6076 : F051;
  6077 : 9180;
  6078 : 04B7;
  6079 : 3082;
  6080 : F421;
  6081 : 9180;
  6082 : 0448;
  6083 : 1181;
  6084 : C002;
  6085 : E081;
  6086 : BF85;
  6087 : 911F;
  6088 : 910F;
  6089 : 9508;
  6090 : 928F;
  6091 : 929F;
  6092 : 92AF;
  6093 : 92BF;
  6094 : 92CF;
  6095 : 92DF;
  6096 : 92EF;
  6097 : 92FF;
  6098 : 930F;
  6099 : 931F;
  6100 : 93CF;
  6101 : 93DF;
  6102 : 90A0;
  6103 : 044B;
  6104 : 90B0;
  6105 : 044C;
  6106 : ECCE;
  6107 : E0D0;
  6108 : 19CA;
  6109 : 09DB;
  6110 : EC29;
  6111 : E030;
  6112 : 0149;
  6113 : 188A;
  6114 : 089B;
  6115 : ED23;
  6116 : 01C9;
  6117 : 198A;
  6118 : 099B;
  6119 : 015C;
  6120 : 9180;
  6121 : 0447;
  6122 : 1581;
  6123 : F1B1;
  6124 : 90E0;
  6125 : 0439;
  6126 : 90F0;
  6127 : 043A;
  6128 : 9100;
  6129 : 043B;
  6130 : 9110;
  6131 : 043C;
  6132 : 9120;
  6133 : 043D;
  6134 : 9130;
  6135 : 043E;
  6136 : 9140;
  6137 : 043F;
  6138 : 9150;
  6139 : 0440;
  6140 : 9160;
  6141 : 0441;
  6142 : 9170;
  6143 : 0442;
  6144 : 9180;
  6145 : 0443;
  6146 : 9190;
  6147 : 0444;
  6148 : 2CC1;
  6149 : 2CD1;
  6150 : 940E;
  6151 : 0B45;
  6152 : 9280;
  6153 : 0441;
  6154 : 9290;
  6155 : 0442;
  6156 : E189;
  6157 : 9380;
  6158 : 0443;
  6159 : 9210;
  6160 : 0444;
  6161 : 92A0;
  6162 : 043D;
  6163 : 92B0;
  6164 : 043E;
  6165 : 9380;
  6166 : 043F;
  6167 : 9210;
  6168 : 0440;
  6169 : 93C0;
  6170 : 0439;
  6171 : 93D0;
  6172 : 043A;
  6173 : E283;
  6174 : 9380;
  6175 : 043B;
  6176 : 9210;
  6177 : 043C;
  6178 : 01B4;
  6179 : E189;
  6180 : E090;
  6181 : 0195;
  6182 : 01AC;
  6183 : 017E;
  6184 : E203;
  6185 : E010;
  6186 : EFEF;
  6187 : 2EDE;
  6188 : 2CCD;
  6189 : 940E;
  6190 : 0B45;
  6191 : 91DF;
  6192 : 91CF;
  6193 : 911F;
  6194 : 910F;
  6195 : 90FF;
  6196 : 90EF;
  6197 : 90DF;
  6198 : 90CF;
  6199 : 90BF;
  6200 : 90AF;
  6201 : 909F;
  6202 : 908F;
  6203 : 9508;
  6204 : 93CF;
  6205 : 93DF;
  6206 : 01EC;
  6207 : E080;
  6208 : E090;
  6209 : 940E;
  6210 : 2965;
  6211 : E020;
  6212 : E030;
  6213 : E040;
  6214 : E455;
  6215 : 940E;
  6216 : 284B;
  6217 : 019B;
  6218 : 01AC;
  6219 : 940E;
  6220 : 284C;
  6221 : E020;
  6222 : EF30;
  6223 : E74F;
  6224 : E455;
  6225 : 940E;
  6226 : 28BD;
  6227 : 812A;
  6228 : 813B;
  6229 : 814C;
  6230 : 815D;
  6231 : 940E;
  6232 : 28BD;
  6233 : 2FA8;
  6234 : 2F86;
  6235 : 2FB9;
  6236 : 2F97;
  6237 : 01BC;
  6238 : 01CD;
  6239 : 852C;
  6240 : 1121;
  6241 : 5890;
  6242 : E020;
  6243 : E030;
  6244 : EF40;
  6245 : E451;
  6246 : 940E;
  6247 : 2A1C;
  6248 : 940E;
  6249 : 292F;
  6250 : 852A;
  6251 : 853B;
  6252 : 01C9;
  6253 : 1B86;
  6254 : 0B97;
  6255 : 91DF;
  6256 : 91CF;
  6257 : 9508;
  6258 : 922F;
  6259 : 923F;
  6260 : 924F;
  6261 : 925F;
  6262 : 926F;
  6263 : 927F;
  6264 : 928F;
  6265 : 929F;
  6266 : 92AF;
  6267 : 92BF;
  6268 : 92CF;
  6269 : 92DF;
  6270 : 92EF;
  6271 : 92FF;
  6272 : 930F;
  6273 : 931F;
  6274 : 93CF;
  6275 : 93DF;
  6276 : B7CD;
  6277 : B7DE;
  6278 : 97A1;
  6279 : B60F;
  6280 : 94F8;
  6281 : BFDE;
  6282 : BE0F;
  6283 : BFCD;
  6284 : 878F;
  6285 : 8B98;
  6286 : 836D;
  6287 : 837E;
  6288 : 8F0E;
  6289 : 8F1F;
  6290 : 8AE9;
  6291 : 872B;
  6292 : 873C;
  6293 : 8749;
  6294 : 875A;
  6295 : E024;
  6296 : 832F;
  6297 : 8618;
  6298 : 2C21;
  6299 : 2C31;
  6300 : E98C;
  6301 : EF9F;
  6302 : 8F8C;
  6303 : 8F9D;
  6304 : 01FC;
  6305 : 8FEA;
  6306 : 8FFB;
  6307 : 019C;
  6308 : 8F28;
  6309 : 8F39;
  6310 : 8B8E;
  6311 : 8B9F;
  6312 : EFEF;
  6313 : E7FF;
  6314 : 8BEC;
  6315 : 8BFD;
  6316 : E830;
  6317 : 8A1A;
  6318 : 8B3B;
  6319 : 0121;
  6320 : 0131;
  6321 : 0141;
  6322 : 0151;
  6323 : 8D2E;
  6324 : 8D3F;
  6325 : 1622;
  6326 : 0633;
  6327 : F009;
  6328 : C084;
  6329 : 9180;
  6330 : 0160;
  6331 : 9190;
  6332 : 0161;
  6333 : 838F;
  6334 : 8798;
  6335 : 01FC;
  6336 : 8980;
  6337 : 1581;
  6338 : F409;
  6339 : C060;
  6340 : 8982;
  6341 : 3081;
  6342 : F421;
  6343 : 852F;
  6344 : 8938;
  6345 : 832D;
  6346 : 833E;
  6347 : E323;
  6348 : E333;
  6349 : E543;
  6350 : E35A;
  6351 : 81ED;
  6352 : 81FE;
  6353 : 8963;
  6354 : 8974;
  6355 : 8985;
  6356 : 8996;
  6357 : 940E;
  6358 : 2A1C;
  6359 : 016B;
  6360 : 017C;
  6361 : 896A;
  6362 : 897B;
  6363 : 892C;
  6364 : 893D;
  6365 : 1B62;
  6366 : 0B73;
  6367 : 2F87;
  6368 : 0F88;
  6369 : 0B88;
  6370 : 2F98;
  6371 : 940E;
  6372 : 2967;
  6373 : 0196;
  6374 : 01A7;
  6375 : 940E;
  6376 : 2A1C;
  6377 : 81EF;
  6378 : 85F8;
  6379 : 8360;
  6380 : 8371;
  6381 : 8382;
  6382 : 8393;
  6383 : 8D2E;
  6384 : 8D3F;
  6385 : 01B9;
  6386 : E080;
  6387 : E090;
  6388 : 940E;
  6389 : 2965;
  6390 : 8369;
  6391 : 837A;
  6392 : 838B;
  6393 : 839C;
  6394 : 01B2;
  6395 : 01C3;
  6396 : 940E;
  6397 : 2967;
  6398 : 8129;
  6399 : 813A;
  6400 : 814B;
  6401 : 815C;
  6402 : 940E;
  6403 : 28BD;
  6404 : 0196;
  6405 : 01A7;
  6406 : 940E;
  6407 : 2A1C;
  6408 : 81EF;
  6409 : 85F8;
  6410 : 8364;
  6411 : 8375;
  6412 : 8386;
  6413 : 8397;
  6414 : 01B4;
  6415 : 01C5;
  6416 : 940E;
  6417 : 2965;
  6418 : 8129;
  6419 : 813A;
  6420 : 814B;
  6421 : 815C;
  6422 : 940E;
  6423 : 28BD;
  6424 : 940E;
  6425 : 2A8F;
  6426 : 0196;
  6427 : 01A7;
  6428 : 940E;
  6429 : 2A1C;
  6430 : 81EF;
  6431 : 85F8;
  6432 : 8760;
  6433 : 8771;
  6434 : 8782;
  6435 : 8793;
  6436 : 96A1;
  6437 : B60F;
  6438 : 94F8;
  6439 : BFDE;
  6440 : BE0F;
  6441 : BFCD;
  6442 : 91DF;
  6443 : 91CF;
  6444 : 911F;
  6445 : 910F;
  6446 : 90FF;
  6447 : 90EF;
  6448 : 90DF;
  6449 : 90CF;
  6450 : 90BF;
  6451 : 90AF;
  6452 : 909F;
  6453 : 908F;
  6454 : 907F;
  6455 : 906F;
  6456 : 905F;
  6457 : 904F;
  6458 : 903F;
  6459 : 902F;
  6460 : 9508;
  6461 : 01C1;
  6462 : 9605;
  6463 : 8389;
  6464 : 839A;
  6465 : 01F1;
  6466 : 0FEE;
  6467 : 1FFF;
  6468 : 87ED;
  6469 : 87FE;
  6470 : 85E9;
  6471 : 85FA;
  6472 : 8120;
  6473 : 8131;
  6474 : 01C9;
  6475 : 974A;
  6476 : 3E8F;
  6477 : 0591;
  6478 : F4F0;
  6479 : 89F9;
  6480 : 15F1;
  6481 : F409;
  6482 : C122;
  6483 : 1421;
  6484 : 0431;
  6485 : F409;
  6486 : C11E;
  6487 : 8D88;
  6488 : 8D99;
  6489 : 318A;
  6490 : 0591;
  6491 : F40C;
  6492 : C118;
  6493 : E0E9;
  6494 : 2ECE;
  6495 : E0E1;
  6496 : 2EDE;
  6497 : E1F9;
  6498 : 2EEF;
  6499 : 2CF1;
  6500 : E000;
  6501 : E010;
  6502 : 8149;
  6503 : 815A;
  6504 : 01BC;
  6505 : 818F;
  6506 : 8598;
  6507 : 940E;
  6508 : 0DCF;
  6509 : 85E9;
  6510 : 85FA;
  6511 : 9001;
  6512 : 81F0;
  6513 : 2DE0;
  6514 : 8FE8;
  6515 : 8FF9;
  6516 : 85EF;
  6517 : 89F8;
  6518 : 8180;
  6519 : 1581;
  6520 : F409;
  6521 : C10A;
  6522 : 91E0;
  6523 : 0168;
  6524 : 91F0;
  6525 : 0169;
  6526 : 852D;
  6527 : 853E;
  6528 : 0FE2;
  6529 : 1FF3;
  6530 : 8160;
  6531 : 8171;
  6532 : 858F;
  6533 : 8998;
  6534 : 940E;
  6535 : 183C;
  6536 : A388;
  6537 : A399;
  6538 : A188;
  6539 : A199;
  6540 : 974A;
  6541 : 3E8F;
  6542 : 0591;
  6543 : F520;
  6544 : 85EF;
  6545 : 89F8;
  6546 : 8D46;
  6547 : 8D57;
  6548 : 89F9;
  6549 : 15F1;
  6550 : F409;
  6551 : C0E5;
  6552 : 1421;
  6553 : 0431;
  6554 : F409;
  6555 : C0E1;
  6556 : 892E;
  6557 : 893F;
  6558 : 312A;
  6559 : 0531;
  6560 : F40C;
  6561 : C0DB;
  6562 : E069;
  6563 : 2EC6;
  6564 : E061;
  6565 : 2ED6;
  6566 : E179;
  6567 : 2EE7;
  6568 : 2CF1;
  6569 : 018A;
  6570 : A128;
  6571 : A139;
  6572 : 8149;
  6573 : 815A;
  6574 : 896E;
  6575 : 897F;
  6576 : 818F;
  6577 : 8598;
  6578 : 940E;
  6579 : 0DCF;
  6580 : A188;
  6581 : A199;
  6582 : 8B8E;
  6583 : 8B9F;
  6584 : 85E9;
  6585 : 85FA;
  6586 : A128;
  6587 : A139;
  6588 : 9321;
  6589 : 9331;
  6590 : 87E9;
  6591 : 87FA;
  6592 : 85EB;
  6593 : 85FC;
  6594 : 8120;
  6595 : 8131;
  6596 : 01C9;
  6597 : 974A;
  6598 : 3E8F;
  6599 : 0591;
  6600 : F4F0;
  6601 : 89F9;
  6602 : 15F1;
  6603 : F409;
  6604 : C0BC;
  6605 : 1421;
  6606 : 0431;
  6607 : F409;
  6608 : C0B8;
  6609 : 8D8C;
  6610 : 8D9D;
  6611 : 318A;
  6612 : 0591;
  6613 : F40C;
  6614 : C0B2;
  6615 : E049;
  6616 : 2EC4;
  6617 : E041;
  6618 : 2ED4;
  6619 : E159;
  6620 : 2EE5;
  6621 : 2CF1;
  6622 : E000;
  6623 : E010;
  6624 : 8149;
  6625 : 815A;
  6626 : 01BC;
  6627 : 818F;
  6628 : 8598;
  6629 : 940E;
  6630 : 0DCF;
  6631 : 85EB;
  6632 : 85FC;
  6633 : 9001;
  6634 : 81F0;
  6635 : 2DE0;
  6636 : 8FEC;
  6637 : 8FFD;
  6638 : 81ED;
  6639 : 81FE;
  6640 : 8180;
  6641 : 1581;
  6642 : F409;
  6643 : C0A4;
  6644 : 91E0;
  6645 : 0166;
  6646 : 91F0;
  6647 : 0167;
  6648 : 852D;
  6649 : 853E;
  6650 : 0FE2;
  6651 : 1FF3;
  6652 : 8160;
  6653 : 8171;
  6654 : 818D;
  6655 : 819E;
  6656 : 940E;
  6657 : 183C;
  6658 : A388;
  6659 : A399;
  6660 : A188;
  6661 : A199;
  6662 : 974A;
  6663 : 3E8F;
  6664 : 0591;
  6665 : F520;
  6666 : 81ED;
  6667 : 81FE;
  6668 : 8D46;
  6669 : 8D57;
  6670 : 89F9;
  6671 : 15F1;
  6672 : F409;
  6673 : C07F;
  6674 : 1421;
  6675 : 0431;
  6676 : F409;
  6677 : C07B;
  6678 : 8D2A;
  6679 : 8D3B;
  6680 : 312A;
  6681 : 0531;
  6682 : F40C;
  6683 : C075;
  6684 : E089;
  6685 : 2EC8;
  6686 : E081;
  6687 : 2ED8;
  6688 : E199;
  6689 : 2EE9;
  6690 : 2CF1;
  6691 : 018A;
  6692 : A128;
  6693 : A139;
  6694 : 8149;
  6695 : 815A;
  6696 : 8D6A;
  6697 : 8D7B;
  6698 : 818F;
  6699 : 8598;
  6700 : 940E;
  6701 : 0DCF;
  6702 : A188;
  6703 : A199;
  6704 : 8F8A;
  6705 : 8F9B;
  6706 : 85EB;
  6707 : 85FC;
  6708 : A128;
  6709 : A139;
  6710 : 9321;
  6711 : 9331;
  6712 : 87EB;
  6713 : 87FC;
  6714 : 91E0;
  6715 : 0160;
  6716 : 91F0;
  6717 : 0161;
  6718 : 8980;
  6719 : 1581;
  6720 : F159;
  6721 : 8982;
  6722 : 3081;
  6723 : F009;
  6724 : C058;
  6725 : 9180;
  6726 : 0168;
  6727 : 9190;
  6728 : 0169;
  6729 : 85ED;
  6730 : 85FE;
  6731 : 0F8E;
  6732 : 1F9F;
  6733 : 01FC;
  6734 : 81A0;
  6735 : 81B1;
  6736 : 892A;
  6737 : 893B;
  6738 : 172A;
  6739 : 073B;
  6740 : F414;
  6741 : 8BAA;
  6742 : 8BBB;
  6743 : 898C;
  6744 : 899D;
  6745 : 17A8;
  6746 : 07B9;
  6747 : F414;
  6748 : 8BAC;
  6749 : 8BBD;
  6750 : 2E0B;
  6751 : 0C00;
  6752 : 0800;
  6753 : 0E4A;
  6754 : 1E5B;
  6755 : 1C60;
  6756 : 1C70;
  6757 : 019D;
  6758 : 940E;
  6759 : 27BB;
  6760 : 0E86;
  6761 : 1E97;
  6762 : 1EA8;
  6763 : 1EB9;
  6764 : EF9F;
  6765 : 1A29;
  6766 : 0A39;
  6767 : 81EF;
  6768 : 85F8;
  6769 : 9631;
  6770 : 83EF;
  6771 : 87F8;
  6772 : CE3E;
  6773 : E040;
  6774 : E050;
  6775 : 01B9;
  6776 : 8189;
  6777 : 819A;
  6778 : 940E;
  6779 : 0866;
  6780 : CEF0;
  6781 : A168;
  6782 : A179;
  6783 : 8189;
  6784 : 819A;
  6785 : 940E;
  6786 : 0866;
  6787 : CF30;
  6788 : E99C;
  6789 : A398;
  6790 : EFEF;
  6791 : A3E9;
  6792 : CF2F;
  6793 : E040;
  6794 : E050;
  6795 : 01B9;
  6796 : 8189;
  6797 : 819A;
  6798 : 940E;
  6799 : 0866;
  6800 : CF56;
  6801 : A168;
  6802 : A179;
  6803 : 8189;
  6804 : 819A;
  6805 : 940E;
  6806 : 0866;
  6807 : CF96;
  6808 : E99C;
  6809 : A398;
  6810 : EFEF;
  6811 : A3E9;
  6812 : CF95;
  6813 : 9180;
  6814 : 0166;
  6815 : 9190;
  6816 : 0167;
  6817 : 852D;
  6818 : 853E;
  6819 : 0F82;
  6820 : 1F93;
  6821 : CFA7;
  6822 : 5078;
  6823 : E080;
  6824 : E090;
  6825 : 940E;
  6826 : 2965;
  6827 : EC2D;
  6828 : EC3C;
  6829 : E44C;
  6830 : E35E;
  6831 : 940E;
  6832 : 2A1C;
  6833 : 940E;
  6834 : 292F;
  6835 : 01CB;
  6836 : 9508;
  6837 : 707F;
  6838 : 5789;
  6839 : 4094;
  6840 : F451;
  6841 : 9360;
  6842 : 4018;
  6843 : 9370;
  6844 : 4019;
  6845 : 9180;
  6846 : 401C;
  6847 : 9120;
  6848 : 401D;
  6849 : 2F92;
  6850 : 9508;
  6851 : 9360;
  6852 : 401A;
  6853 : 9370;
  6854 : 401B;
  6855 : CFF5;
  6856 : 92AF;
  6857 : 92BF;
  6858 : 92CF;
  6859 : 92DF;
  6860 : 92EF;
  6861 : 92FF;
  6862 : 930F;
  6863 : 931F;
  6864 : 93CF;
  6865 : 93DF;
  6866 : 01EC;
  6867 : 84AA;
  6868 : 84BB;
  6869 : 8DEC;
  6870 : 8DFD;
  6871 : 16AE;
  6872 : 06BF;
  6873 : F0A1;
  6874 : E065;
  6875 : E070;
  6876 : 01CF;
  6877 : 9705;
  6878 : 019B;
  6879 : 01AF;
  6880 : 5F4B;
  6881 : 4F5F;
  6882 : E0AD;
  6883 : 2EEA;
  6884 : 2CF1;
  6885 : 018F;
  6886 : 2CC1;
  6887 : 2CD1;
  6888 : 940E;
  6889 : 0B45;
  6890 : 858A;
  6891 : 859B;
  6892 : 8F8C;
  6893 : 8F9D;
  6894 : E085;
  6895 : A388;
  6896 : A219;
  6897 : 0195;
  6898 : 5025;
  6899 : 0931;
  6900 : A32A;
  6901 : A33B;
  6902 : A38C;
  6903 : A21D;
  6904 : 01C5;
  6905 : 9605;
  6906 : A38E;
  6907 : A39F;
  6908 : E08D;
  6909 : A788;
  6910 : A619;
  6911 : A6AA;
  6912 : A6BB;
  6913 : 8CCE;
  6914 : 8CDF;
  6915 : 8189;
  6916 : 1181;
  6917 : C006;
  6918 : 94D6;
  6919 : 94C7;
  6920 : EE8F;
  6921 : 22C8;
  6922 : E78B;
  6923 : 22D8;
  6924 : 8188;
  6925 : 1581;
  6926 : F071;
  6927 : A4E8;
  6928 : A4F9;
  6929 : A50A;
  6930 : A51B;
  6931 : A12C;
  6932 : A13D;
  6933 : A14E;
  6934 : A15F;
  6935 : A168;
  6936 : A179;
  6937 : A18A;
  6938 : A19B;
  6939 : 940E;
  6940 : 0B45;
  6941 : 91DF;
  6942 : 91CF;
  6943 : 911F;
  6944 : 910F;
  6945 : 90FF;
  6946 : 90EF;
  6947 : 90DF;
  6948 : 90CF;
  6949 : 90BF;
  6950 : 90AF;
  6951 : 9508;
  6952 : 92AF;
  6953 : 92BF;
  6954 : 92CF;
  6955 : 92EF;
  6956 : 92FF;
  6957 : 930F;
  6958 : 931F;
  6959 : 93CF;
  6960 : 93DF;
  6961 : D000;
  6962 : D000;
  6963 : D000;
  6964 : B7CD;
  6965 : B7DE;
  6966 : 8369;
  6967 : 837A;
  6968 : 834B;
  6969 : 835C;
  6970 : 0158;
  6971 : E392;
  6972 : 9F89;
  6973 : 0190;
  6974 : 2411;
  6975 : 832D;
  6976 : 833E;
  6977 : 5E27;
  6978 : 4F3F;
  6979 : 0179;
  6980 : E000;
  6981 : E010;
  6982 : E228;
  6983 : E030;
  6984 : E441;
  6985 : E050;
  6986 : 01B7;
  6987 : E98A;
  6988 : E091;
  6989 : 940E;
  6990 : 0813;
  6991 : 0185;
  6992 : E228;
  6993 : E030;
  6994 : E441;
  6995 : E050;
  6996 : 01B7;
  6997 : E98A;
  6998 : E091;
  6999 : 940E;
  7000 : 11E9;
  7001 : 812D;
  7002 : 813E;
  7003 : 5E22;
  7004 : 4F3F;
  7005 : 24CC;
  7006 : 94C3;
  7007 : 2CE1;
  7008 : 2CF1;
  7009 : ED4B;
  7010 : E051;
  7011 : E96A;
  7012 : E071;
  7013 : 8189;
  7014 : 819A;
  7015 : 940E;
  7016 : 125F;
  7017 : 812D;
  7018 : 813E;
  7019 : 5D23;
  7020 : 4F3F;
  7021 : 94C3;
  7022 : ED4B;
  7023 : E051;
  7024 : E96A;
  7025 : E071;
  7026 : 818B;
  7027 : 819C;
  7028 : 940E;
  7029 : 125F;
  7030 : 900F;
  7031 : 900F;
  7032 : 900F;
  7033 : 900F;
  7034 : 900F;
  7035 : 900F;
  7036 : 91DF;
  7037 : 91CF;
  7038 : 911F;
  7039 : 910F;
  7040 : 90FF;
  7041 : 90EF;
  7042 : 90CF;
  7043 : 90BF;
  7044 : 90AF;
  7045 : 9508;
  7046 : 930F;
  7047 : 931F;
  7048 : 01DC;
  7049 : 961D;
  7050 : 91EC;
  7051 : 5FEF;
  7052 : 2F2E;
  7053 : 30E3;
  7054 : F010;
  7055 : E020;
  7056 : E0E0;
  7057 : 01DC;
  7058 : 961D;
  7059 : 932C;
  7060 : E0F0;
  7061 : 0FEE;
  7062 : 1FFF;
  7063 : 56E8;
  7064 : 4FFE;
  7065 : 8140;
  7066 : 8151;
  7067 : EF0F;
  7068 : EF1F;
  7069 : E021;
  7070 : E06B;
  7071 : E072;
  7072 : E080;
  7073 : 940E;
  7074 : 1B28;
  7075 : 911F;
  7076 : 910F;
  7077 : 9508;
  7078 : 930F;
  7079 : 931F;
  7080 : 01FC;
  7081 : 8992;
  7082 : E081;
  7083 : 1191;
  7084 : E080;
  7085 : 8B82;
  7086 : E144;
  7087 : E052;
  7088 : 1591;
  7089 : F011;
  7090 : E148;
  7091 : E052;
  7092 : EF0F;
  7093 : EF1F;
  7094 : E021;
  7095 : E16D;
  7096 : E072;
  7097 : E081;
  7098 : 940E;
  7099 : 1B28;
  7100 : 911F;
  7101 : 910F;
  7102 : 9508;
  7103 : 01FC;
  7104 : 8921;
  7105 : E260;
  7106 : E471;
  7107 : 3021;
  7108 : F031;
  7109 : E860;
  7110 : E37F;
  7111 : 3022;
  7112 : F411;
  7113 : EC68;
  7114 : E472;
  7115 : 01FC;
  7116 : 8A13;
  7117 : 8A14;
  7118 : 8B65;
  7119 : 8B76;
  7120 : 9508;
  7121 : 930F;
  7122 : 931F;
  7123 : 018C;
  7124 : 01DC;
  7125 : 9651;
  7126 : 918C;
  7127 : 5F8F;
  7128 : 3083;
  7129 : F008;
  7130 : E080;
  7131 : 01F8;
  7132 : 8B81;
  7133 : 01C8;
  7134 : 940E;
  7135 : 1BBF;
  7136 : 01D8;
  7137 : 9651;
  7138 : 91EC;
  7139 : E246;
  7140 : E052;
  7141 : 30E3;
  7142 : F438;
  7143 : E0F0;
  7144 : 0FEE;
  7145 : 1FFF;
  7146 : 56EE;
  7147 : 4FFE;
  7148 : 8140;
  7149 : 8151;
  7150 : EF0F;
  7151 : EF1F;
  7152 : E021;
  7153 : E26B;
  7154 : E072;
  7155 : E083;
  7156 : 940E;
  7157 : 1B28;
  7158 : 911F;
  7159 : 910F;
  7160 : 9508;
  7161 : 93CF;
  7162 : 93DF;
  7163 : D000;
  7164 : B7CD;
  7165 : B7DE;
  7166 : 8389;
  7167 : 839A;
  7168 : E070;
  7169 : E080;
  7170 : E090;
  7171 : 940E;
  7172 : 2965;
  7173 : E323;
  7174 : E333;
  7175 : E543;
  7176 : E450;
  7177 : 940E;
  7178 : 2A1C;
  7179 : E020;
  7180 : E030;
  7181 : E74F;
  7182 : E453;
  7183 : 940E;
  7184 : 28BD;
  7185 : 81E9;
  7186 : 81FA;
  7187 : 8923;
  7188 : 8934;
  7189 : 8945;
  7190 : 8956;
  7191 : 940E;
  7192 : 2A1C;
  7193 : 900F;
  7194 : 900F;
  7195 : 91DF;
  7196 : 91CF;
  7197 : 9508;
  7198 : 9210;
  7199 : 0446;
  7200 : E040;
  7201 : E050;
  7202 : E061;
  7203 : E085;
  7204 : 940E;
  7205 : 15A9;
  7206 : EF4F;
  7207 : E05F;
  7208 : E062;
  7209 : E085;
  7210 : 940E;
  7211 : 15A9;
  7212 : E440;
  7213 : E050;
  7214 : E063;
  7215 : E085;
  7216 : 940E;
  7217 : 15A9;
  7218 : 9140;
  7219 : 0149;
  7220 : 9150;
  7221 : 014A;
  7222 : E060;
  7223 : E085;
  7224 : 940C;
  7225 : 15A9;
  7226 : 928F;
  7227 : 929F;
  7228 : 92AF;
  7229 : 92BF;
  7230 : 92CF;
  7231 : 92EF;
  7232 : 92FF;
  7233 : 930F;
  7234 : 931F;
  7235 : 93CF;
  7236 : 93DF;
  7237 : B7CD;
  7238 : B7DE;
  7239 : 9762;
  7240 : B60F;
  7241 : 94F8;
  7242 : BFDE;
  7243 : BE0F;
  7244 : BFCD;
  7245 : 9180;
  7246 : 0106;
  7247 : 9190;
  7248 : 0151;
  7249 : 1798;
  7250 : F031;
  7251 : 940E;
  7252 : 1C1E;
  7253 : 9180;
  7254 : 0151;
  7255 : 9380;
  7256 : 0106;
  7257 : EE60;
  7258 : 2E86;
  7259 : EF6F;
  7260 : 2E96;
  7261 : E37B;
  7262 : 2EA7;
  7263 : E072;
  7264 : 2EB7;
  7265 : 3083;
  7266 : F139;
  7267 : F4E8;
  7268 : 9080;
  7269 : 0497;
  7270 : 9090;
  7271 : 0498;
  7272 : E3F1;
  7273 : 2EAF;
  7274 : E0F2;
  7275 : 2EBF;
  7276 : 3081;
  7277 : F0E1;
  7278 : 9080;
  7279 : 046B;
  7280 : 9090;
  7281 : 046C;
  7282 : E3E6;
  7283 : 2EAE;
  7284 : E0E2;
  7285 : 2EBE;
  7286 : 3082;
  7287 : F091;
  7288 : EF4F;
  7289 : 2E84;
  7290 : E047;
  7291 : 2E94;
  7292 : E45A;
  7293 : 2EA5;
  7294 : E052;
  7295 : 2EB5;
  7296 : C009;
  7297 : EFAF;
  7298 : 2E9A;
  7299 : 2C89;
  7300 : E4B2;
  7301 : 2EAB;
  7302 : E0B2;
  7303 : 2EBB;
  7304 : 3084;
  7305 : F771;
  7306 : E806;
  7307 : E311;
  7308 : E124;
  7309 : E030;
  7310 : EE40;
  7311 : E051;
  7312 : E060;
  7313 : E070;
  7314 : E98A;
  7315 : E091;
  7316 : 940E;
  7317 : 0813;
  7318 : E022;
  7319 : 2EC2;
  7320 : 0178;
  7321 : 0184;
  7322 : E025;
  7323 : E030;
  7324 : ED4B;
  7325 : E051;
  7326 : E96A;
  7327 : E071;
  7328 : 01C5;
  7329 : 940E;
  7330 : 125F;
  7331 : 9180;
  7332 : 0151;
  7333 : EF9F;
  7334 : 0F98;
  7335 : 3092;
  7336 : F008;
  7337 : C083;
  7338 : E799;
  7339 : 2EE9;
  7340 : E094;
  7341 : 2EF9;
  7342 : 3081;
  7343 : F021;
  7344 : E48D;
  7345 : 2EE8;
  7346 : E084;
  7347 : 2EF8;
  7348 : E086;
  7349 : E6EA;
  7350 : E0F1;
  7351 : 01DE;
  7352 : 9619;
  7353 : 9001;
  7354 : 920D;
  7355 : 958A;
  7356 : F7E1;
  7357 : 01F7;
  7358 : 8585;
  7359 : 01FE;
  7360 : 9631;
  7361 : 0FE8;
  7362 : 1DF1;
  7363 : 0FE8;
  7364 : 1DF1;
  7365 : 8540;
  7366 : 8551;
  7367 : EF0F;
  7368 : EF1F;
  7369 : E021;
  7370 : E06B;
  7371 : E072;
  7372 : E080;
  7373 : 940E;
  7374 : 1B28;
  7375 : E020;
  7376 : E744;
  7377 : E052;
  7378 : E16D;
  7379 : E072;
  7380 : E081;
  7381 : 940E;
  7382 : 1B28;
  7383 : 9180;
  7384 : 0170;
  7385 : 9190;
  7386 : 0171;
  7387 : 91A0;
  7388 : 0172;
  7389 : 91B0;
  7390 : 0173;
  7391 : 878F;
  7392 : 8B98;
  7393 : 8BA9;
  7394 : 8BBA;
  7395 : 01F7;
  7396 : 8D83;
  7397 : 01FE;
  7398 : 9631;
  7399 : 0FE8;
  7400 : 1DF1;
  7401 : 0FE8;
  7402 : 1DF1;
  7403 : 8546;
  7404 : 8557;
  7405 : E020;
  7406 : E76A;
  7407 : E072;
  7408 : E082;
  7409 : 940E;
  7410 : 1B28;
  7411 : E086;
  7412 : E7E4;
  7413 : E0F1;
  7414 : 01DE;
  7415 : 9611;
  7416 : 9001;
  7417 : 920D;
  7418 : 958A;
  7419 : F7E1;
  7420 : 01F7;
  7421 : 8981;
  7422 : 01FE;
  7423 : 9631;
  7424 : 0FE8;
  7425 : 1DF1;
  7426 : 0FE8;
  7427 : 1DF1;
  7428 : 8140;
  7429 : 8151;
  7430 : E021;
  7431 : E26B;
  7432 : E072;
  7433 : E083;
  7434 : 940E;
  7435 : 1B28;
  7436 : 01F7;
  7437 : 8584;
  7438 : E021;
  7439 : E541;
  7440 : E052;
  7441 : 1181;
  7442 : C003;
  7443 : E020;
  7444 : E544;
  7445 : E052;
  7446 : E860;
  7447 : E072;
  7448 : E084;
  7449 : 940E;
  7450 : 1B28;
  7451 : 9662;
  7452 : B60F;
  7453 : 94F8;
  7454 : BFDE;
  7455 : BE0F;
  7456 : BFCD;
  7457 : 91DF;
  7458 : 91CF;
  7459 : 911F;
  7460 : 910F;
  7461 : 90FF;
  7462 : 90EF;
  7463 : 90CF;
  7464 : 90BF;
  7465 : 90AF;
  7466 : 909F;
  7467 : 908F;
  7468 : 9508;
  7469 : 3083;
  7470 : F009;
  7471 : C054;
  7472 : 9180;
  7473 : 0155;
  7474 : E548;
  7475 : E052;
  7476 : 3081;
  7477 : F011;
  7478 : E54C;
  7479 : E052;
  7480 : EF0F;
  7481 : EF1F;
  7482 : E021;
  7483 : E867;
  7484 : E072;
  7485 : E080;
  7486 : 940E;
  7487 : 1B28;
  7488 : 9180;
  7489 : 04B6;
  7490 : E640;
  7491 : E052;
  7492 : 3081;
  7493 : F011;
  7494 : E645;
  7495 : E052;
  7496 : E021;
  7497 : E86E;
  7498 : E072;
  7499 : E081;
  7500 : 940E;
  7501 : 1B28;
  7502 : 9180;
  7503 : 04B7;
  7504 : E64A;
  7505 : E052;
  7506 : 1581;
  7507 : F011;
  7508 : E64F;
  7509 : E052;
  7510 : E021;
  7511 : E964;
  7512 : E072;
  7513 : E082;
  7514 : 940E;
  7515 : 1B28;
  7516 : 9180;
  7517 : 0156;
  7518 : 921F;
  7519 : 938F;
  7520 : E989;
  7521 : E092;
  7522 : 939F;
  7523 : 938F;
  7524 : 017E;
  7525 : EFFF;
  7526 : 1AEF;
  7527 : 0AFF;
  7528 : 92FF;
  7529 : 92EF;
  7530 : 940E;
  7531 : 2AE4;
  7532 : 900F;
  7533 : 900F;
  7534 : 900F;
  7535 : 900F;
  7536 : 900F;
  7537 : 900F;
  7538 : 9180;
  7539 : 0446;
  7540 : 3081;
  7541 : F409;
  7542 : EE00;
  7543 : E021;
  7544 : 01A7;
  7545 : E96C;
  7546 : E072;
  7547 : E083;
  7548 : 940E;
  7549 : 1B28;
  7550 : EF0F;
  7551 : E021;
  7552 : EF45;
  7553 : E051;
  7554 : 01BA;
  7555 : CF94;
  7556 : 3084;
  7557 : F009;
  7558 : CF94;
  7559 : 91E0;
  7560 : 0160;
  7561 : 91F0;
  7562 : 0161;
  7563 : 8982;
  7564 : E548;
  7565 : E052;
  7566 : 3081;
  7567 : F011;
  7568 : E54C;
  7569 : E052;
  7570 : EF0F;
  7571 : EF1F;
  7572 : E021;
  7573 : E867;
  7574 : E072;
  7575 : E080;
  7576 : 940E;
  7577 : 1B28;
  7578 : E086;
  7579 : E7EA;
  7580 : E0F1;
  7581 : 01DE;
  7582 : 9611;
  7583 : 9001;
  7584 : 920D;
  7585 : 958A;
  7586 : F7E1;
  7587 : 91E0;
  7588 : 0160;
  7589 : 91F0;
  7590 : 0161;
  7591 : 8983;
  7592 : 01FE;
  7593 : 9631;
  7594 : 0FE8;
  7595 : 1DF1;
  7596 : 0FE8;
  7597 : 1DF1;
  7598 : 8140;
  7599 : 8151;
  7600 : E021;
  7601 : EA62;
  7602 : E072;
  7603 : E081;
  7604 : 940E;
  7605 : 1B28;
  7606 : 91E0;
  7607 : 0160;
  7608 : 91F0;
  7609 : 0161;
  7610 : 8980;
  7611 : E544;
  7612 : E052;
  7613 : 1581;
  7614 : F011;
  7615 : E541;
  7616 : E052;
  7617 : E021;
  7618 : EA67;
  7619 : E072;
  7620 : E082;
  7621 : 940E;
  7622 : 1B28;
  7623 : 91E0;
  7624 : 0160;
  7625 : 91F0;
  7626 : 0161;
  7627 : 8981;
  7628 : E544;
  7629 : E052;
  7630 : 1581;
  7631 : F011;
  7632 : E541;
  7633 : E052;
  7634 : E021;
  7635 : EA6C;
  7636 : E072;
  7637 : E083;
  7638 : 940E;
  7639 : 1B28;
  7640 : CFA6;
  7641 : 92EF;
  7642 : 930F;
  7643 : 931F;
  7644 : E080;
  7645 : E090;
  7646 : 940E;
  7647 : 09E0;
  7648 : E806;
  7649 : E311;
  7650 : E124;
  7651 : E030;
  7652 : EE40;
  7653 : E051;
  7654 : E060;
  7655 : E070;
  7656 : 01CB;
  7657 : 940E;
  7658 : 0813;
  7659 : E042;
  7660 : 2EE4;
  7661 : EE20;
  7662 : E037;
  7663 : E045;
  7664 : E050;
  7665 : E06A;
  7666 : E070;
  7667 : EE87;
  7668 : E092;
  7669 : 940E;
  7670 : 121D;
  7671 : 91E0;
  7672 : 0151;
  7673 : 50E1;
  7674 : EE82;
  7675 : E092;
  7676 : 30E3;
  7677 : F438;
  7678 : E0F0;
  7679 : 0FEE;
  7680 : 1FFF;
  7681 : 57E4;
  7682 : 4FFE;
  7683 : 8180;
  7684 : 8191;
  7685 : EF2F;
  7686 : EF3F;
  7687 : E045;
  7688 : E050;
  7689 : EA6E;
  7690 : E071;
  7691 : 940E;
  7692 : 121D;
  7693 : EF0F;
  7694 : EF1F;
  7695 : EF22;
  7696 : E030;
  7697 : E942;
  7698 : E051;
  7699 : E168;
  7700 : E070;
  7701 : E084;
  7702 : E090;
  7703 : 940E;
  7704 : 11E9;
  7705 : E100;
  7706 : E814;
  7707 : E029;
  7708 : E031;
  7709 : E948;
  7710 : E051;
  7711 : E164;
  7712 : E070;
  7713 : 01CA;
  7714 : 940E;
  7715 : 0CEB;
  7716 : 940E;
  7717 : 1C3A;
  7718 : E188;
  7719 : EC96;
  7720 : 911F;
  7721 : 910F;
  7722 : 90EF;
  7723 : 940C;
  7724 : 1723;
  7725 : 928F;
  7726 : 929F;
  7727 : 92AF;
  7728 : 92BF;
  7729 : 92CF;
  7730 : 92DF;
  7731 : 92EF;
  7732 : 92FF;
  7733 : 930F;
  7734 : 931F;
  7735 : 93CF;
  7736 : 93DF;
  7737 : B7CD;
  7738 : B7DE;
  7739 : 972A;
  7740 : B60F;
  7741 : 94F8;
  7742 : BFDE;
  7743 : BE0F;
  7744 : BFCD;
  7745 : 8789;
  7746 : 879A;
  7747 : 836F;
  7748 : 8778;
  7749 : 01DC;
  7750 : 965B;
  7751 : 918C;
  7752 : E091;
  7753 : 1181;
  7754 : E090;
  7755 : 85E9;
  7756 : 85FA;
  7757 : 8F93;
  7758 : E011;
  7759 : 57E9;
  7760 : 40F4;
  7761 : F009;
  7762 : E013;
  7763 : 85A9;
  7764 : 85BA;
  7765 : 9612;
  7766 : 912D;
  7767 : 913D;
  7768 : 914D;
  7769 : 915D;
  7770 : 832B;
  7771 : 833C;
  7772 : 834D;
  7773 : 835E;
  7774 : 1181;
  7775 : C061;
  7776 : E020;
  7777 : E030;
  7778 : EC48;
  7779 : E452;
  7780 : 816B;
  7781 : 817C;
  7782 : 818D;
  7783 : 819E;
  7784 : 940E;
  7785 : 2A1C;
  7786 : 940E;
  7787 : 292F;
  7788 : 014B;
  7789 : 017B;
  7790 : EF80;
  7791 : E092;
  7792 : 940E;
  7793 : 1403;
  7794 : 2F81;
  7795 : E090;
  7796 : 940E;
  7797 : 1460;
  7798 : EF84;
  7799 : E092;
  7800 : 940E;
  7801 : 1403;
  7802 : 01C4;
  7803 : 940E;
  7804 : 1460;
  7805 : EF83;
  7806 : E091;
  7807 : 940E;
  7808 : 1403;
  7809 : E041;
  7810 : E050;
  7811 : E061;
  7812 : 2F81;
  7813 : 940E;
  7814 : 15A9;
  7815 : EE48;
  7816 : E053;
  7817 : E062;
  7818 : 2F81;
  7819 : 940E;
  7820 : 15A9;
  7821 : E041;
  7822 : E050;
  7823 : E063;
  7824 : 2F81;
  7825 : 940E;
  7826 : 15A9;
  7827 : 01A4;
  7828 : E060;
  7829 : 2F81;
  7830 : 940E;
  7831 : 15A9;
  7832 : 81AF;
  7833 : 85B8;
  7834 : 92ED;
  7835 : 92FD;
  7836 : 85E9;
  7837 : 85FA;
  7838 : 8D83;
  7839 : E021;
  7840 : EE4B;
  7841 : E052;
  7842 : 1181;
  7843 : C003;
  7844 : E020;
  7845 : EB4C;
  7846 : E052;
  7847 : EF0F;
  7848 : EF1F;
  7849 : E76A;
  7850 : E072;
  7851 : E082;
  7852 : 940E;
  7853 : 1B28;
  7854 : 962A;
  7855 : B60F;
  7856 : 94F8;
  7857 : BFDE;
  7858 : BE0F;
  7859 : BFCD;
  7860 : 91DF;
  7861 : 91CF;
  7862 : 911F;
  7863 : 910F;
  7864 : 90FF;
  7865 : 90EF;
  7866 : 90DF;
  7867 : 90CF;
  7868 : 90BF;
  7869 : 90AF;
  7870 : 909F;
  7871 : 908F;
  7872 : 9508;
  7873 : E9EE;
  7874 : E0F1;
  7875 : 83E9;
  7876 : 83FA;
  7877 : E000;
  7878 : 2C81;
  7879 : 2C91;
  7880 : E492;
  7881 : 2EA9;
  7882 : EC98;
  7883 : 2EB9;
  7884 : 81A9;
  7885 : 81BA;
  7886 : 912D;
  7887 : 913D;
  7888 : 914D;
  7889 : 915D;
  7890 : 83A9;
  7891 : 83BA;
  7892 : 816B;
  7893 : 817C;
  7894 : 818D;
  7895 : 819E;
  7896 : 940E;
  7897 : 284B;
  7898 : 016B;
  7899 : 017C;
  7900 : 94E8;
  7901 : F8F7;
  7902 : 0194;
  7903 : 2D4B;
  7904 : 2D5A;
  7905 : 01B6;
  7906 : 01C7;
  7907 : 940E;
  7908 : 28B8;
  7909 : FF87;
  7910 : C006;
  7911 : 85E9;
  7912 : 85FA;
  7913 : 8707;
  7914 : 0146;
  7915 : 2CBE;
  7916 : 2CAF;
  7917 : 5F0F;
  7918 : 300A;
  7919 : F6E1;
  7920 : 85A9;
  7921 : 85BA;
  7922 : 961F;
  7923 : 91EC;
  7924 : E0B4;
  7925 : 9FEB;
  7926 : 01F0;
  7927 : 2411;
  7928 : 56E2;
  7929 : 4FFE;
  7930 : 8180;
  7931 : 8191;
  7932 : 81A2;
  7933 : 81B3;
  7934 : 85E9;
  7935 : 85FA;
  7936 : 8382;
  7937 : 8393;
  7938 : 83A4;
  7939 : 83B5;
  7940 : E040;
  7941 : E050;
  7942 : E061;
  7943 : 2F81;
  7944 : 940E;
  7945 : 15A9;
  7946 : E049;
  7947 : E050;
  7948 : E062;
  7949 : 2F81;
  7950 : 940E;
  7951 : 15A9;
  7952 : E041;
  7953 : E050;
  7954 : E063;
  7955 : 2F81;
  7956 : 940E;
  7957 : 15A9;
  7958 : 85A9;
  7959 : 85BA;
  7960 : 961F;
  7961 : 914C;
  7962 : E050;
  7963 : E060;
  7964 : 2F81;
  7965 : 940E;
  7966 : 15A9;
  7967 : 85E9;
  7968 : 85FA;
  7969 : 84E7;
  7970 : 2CF1;
  7971 : CF74;
  7972 : 930F;
  7973 : 931F;
  7974 : 01FC;
  7975 : 8594;
  7976 : E021;
  7977 : 1191;
  7978 : E020;
  7979 : 8724;
  7980 : E541;
  7981 : E052;
  7982 : 1591;
  7983 : F011;
  7984 : E544;
  7985 : E052;
  7986 : EF0F;
  7987 : EF1F;
  7988 : E860;
  7989 : E072;
  7990 : E084;
  7991 : 940E;
  7992 : 1B28;
  7993 : 911F;
  7994 : 910F;
  7995 : 9508;
  7996 : B130;
  7997 : B121;
  7998 : B162;
  7999 : B143;
  8000 : 2F86;
  8001 : 2F94;
  8002 : 2F63;
  8003 : 2F72;
  8004 : E040;
  8005 : E050;
  8006 : 019A;
  8007 : 9700;
  8008 : 4070;
  8009 : 4060;
  8010 : F071;
  8011 : 940E;
  8012 : 2965;
  8013 : 019B;
  8014 : 01AC;
  8015 : EC60;
  8016 : EE71;
  8017 : E684;
  8018 : E49F;
  8019 : 940E;
  8020 : 28BD;
  8021 : 2F56;
  8022 : 2F47;
  8023 : 2F38;
  8024 : 2F29;
  8025 : 2F65;
  8026 : 2F74;
  8027 : 2F83;
  8028 : 2F92;
  8029 : 9508;
  8030 : 928F;
  8031 : 929F;
  8032 : 92AF;
  8033 : 92BF;
  8034 : 92CF;
  8035 : 92DF;
  8036 : 92EF;
  8037 : 92FF;
  8038 : 930F;
  8039 : 931F;
  8040 : 93CF;
  8041 : 93DF;
  8042 : D000;
  8043 : D000;
  8044 : B7CD;
  8045 : B7DE;
  8046 : 019C;
  8047 : 8369;
  8048 : 837A;
  8049 : 2EB4;
  8050 : 9180;
  8051 : 0155;
  8052 : 3081;
  8053 : F009;
  8054 : C097;
  8055 : E789;
  8056 : E094;
  8057 : 01B9;
  8058 : 940E;
  8059 : 183C;
  8060 : 838B;
  8061 : 839C;
  8062 : 9160;
  8063 : 014F;
  8064 : 9170;
  8065 : 0150;
  8066 : 396C;
  8067 : EF8F;
  8068 : 0778;
  8069 : F121;
  8070 : E020;
  8071 : E030;
  8072 : E940;
  8073 : E051;
  8074 : E085;
  8075 : E090;
  8076 : 940E;
  8077 : 0891;
  8078 : 90E0;
  8079 : 04A9;
  8080 : 90F0;
  8081 : 04AA;
  8082 : 9100;
  8083 : 04AB;
  8084 : 9110;
  8085 : 04AC;
  8086 : 9120;
  8087 : 04AD;
  8088 : 9130;
  8089 : 04AE;
  8090 : 9140;
  8091 : 04AF;
  8092 : 9150;
  8093 : 04B0;
  8094 : 9160;
  8095 : 04B1;
  8096 : 9170;
  8097 : 04B2;
  8098 : 9180;
  8099 : 04B3;
  8100 : 9190;
  8101 : 04B4;
  8102 : 2CC1;
  8103 : 2CD1;
  8104 : 940E;
  8105 : 0B45;
  8106 : 10B1;
  8107 : C051;
  8108 : 818B;
  8109 : 819C;
  8110 : 974A;
  8111 : 3E8F;
  8112 : 0591;
  8113 : F008;
  8114 : C05E;
  8115 : 808B;
  8116 : 809C;
  8117 : E095;
  8118 : 1A89;
  8119 : 0891;
  8120 : 80AB;
  8121 : 80BC;
  8122 : E085;
  8123 : 0EA8;
  8124 : 1CB1;
  8125 : E005;
  8126 : E010;
  8127 : 8129;
  8128 : 813A;
  8129 : E045;
  8130 : E050;
  8131 : 816B;
  8132 : 817C;
  8133 : 01C8;
  8134 : 940E;
  8135 : 0891;
  8136 : 5F06;
  8137 : 4F1F;
  8138 : 3905;
  8139 : E091;
  8140 : 0719;
  8141 : F789;
  8142 : E964;
  8143 : E071;
  8144 : 01C4;
  8145 : 019B;
  8146 : 01A5;
  8147 : 2EF3;
  8148 : E8ED;
  8149 : 2EEE;
  8150 : 810B;
  8151 : 811C;
  8152 : 80C9;
  8153 : 80DA;
  8154 : 940E;
  8155 : 0B45;
  8156 : E984;
  8157 : E091;
  8158 : 9380;
  8159 : 04B1;
  8160 : 9390;
  8161 : 04B2;
  8162 : 9280;
  8163 : 04B3;
  8164 : 9290;
  8165 : 04B4;
  8166 : 9380;
  8167 : 04AD;
  8168 : 9390;
  8169 : 04AE;
  8170 : 92A0;
  8171 : 04AF;
  8172 : 92B0;
  8173 : 04B0;
  8174 : E88D;
  8175 : 9380;
  8176 : 04A9;
  8177 : 9390;
  8178 : 04AA;
  8179 : 818B;
  8180 : 819C;
  8181 : 9380;
  8182 : 04AB;
  8183 : 9390;
  8184 : 04AC;
  8185 : 9380;
  8186 : 014F;
  8187 : 9390;
  8188 : 0150;
  8189 : 900F;
  8190 : 900F;
  8191 : 900F;
  8192 : 900F;
  8193 : 91DF;
  8194 : 91CF;
  8195 : 911F;
  8196 : 910F;
  8197 : 90FF;
  8198 : 90EF;
  8199 : 90DF;
  8200 : 90CF;
  8201 : 90BF;
  8202 : 90AF;
  8203 : 909F;
  8204 : 908F;
  8205 : 9508;
  8206 : E48D;
  8207 : E094;
  8208 : CF68;
  8209 : E98C;
  8210 : EF9F;
  8211 : CFE5;
  8212 : 92EF;
  8213 : 930F;
  8214 : 931F;
  8215 : 9180;
  8216 : 0148;
  8217 : 1181;
  8218 : C00B;
  8219 : 9180;
  8220 : 04B7;
  8221 : 3082;
  8222 : F421;
  8223 : 9180;
  8224 : 0448;
  8225 : 1581;
  8226 : F019;
  8227 : 9180;
  8228 : 0447;
  8229 : 1181;
  8230 : 940E;
  8231 : 178C;
  8232 : E188;
  8233 : EC96;
  8234 : 940E;
  8235 : 1723;
  8236 : 9120;
  8237 : 0162;
  8238 : 9130;
  8239 : 0163;
  8240 : 9140;
  8241 : 0164;
  8242 : 9150;
  8243 : 0165;
  8244 : 24EE;
  8245 : 94E3;
  8246 : E900;
  8247 : E011;
  8248 : E46D;
  8249 : E074;
  8250 : E789;
  8251 : E094;
  8252 : 940E;
  8253 : 1872;
  8254 : E040;
  8255 : E260;
  8256 : EF7D;
  8257 : 9180;
  8258 : 0149;
  8259 : 9190;
  8260 : 014A;
  8261 : 940E;
  8262 : 1F5E;
  8263 : E789;
  8264 : E094;
  8265 : 940E;
  8266 : 1AC8;
  8267 : E48D;
  8268 : E094;
  8269 : 940E;
  8270 : 1AC8;
  8271 : 911F;
  8272 : 910F;
  8273 : 90EF;
  8274 : 940C;
  8275 : 17CA;
  8276 : 9180;
  8277 : 0148;
  8278 : 1581;
  8279 : F089;
  8280 : B795;
  8281 : 9180;
  8282 : 04B7;
  8283 : 3082;
  8284 : F429;
  8285 : 9180;
  8286 : 0448;
  8287 : E091;
  8288 : 2789;
  8289 : 9508;
  8290 : 3081;
  8291 : F421;
  8292 : FF91;
  8293 : C003;
  8294 : E082;
  8295 : 9508;
  8296 : E083;
  8297 : 9508;
  8298 : 928F;
  8299 : 929F;
  8300 : 92AF;
  8301 : 92BF;
  8302 : 92EF;
  8303 : 92FF;
  8304 : 930F;
  8305 : 931F;
  8306 : 93CF;
  8307 : 93DF;
  8308 : B7CD;
  8309 : B7DE;
  8310 : 9729;
  8311 : B60F;
  8312 : 94F8;
  8313 : BFDE;
  8314 : BE0F;
  8315 : BFCD;
  8316 : 8788;
  8317 : 8799;
  8318 : 8369;
  8319 : 837A;
  8320 : 834D;
  8321 : 835E;
  8322 : 832F;
  8323 : 01FC;
  8324 : 8082;
  8325 : 8093;
  8326 : 80A4;
  8327 : 80B5;
  8328 : 88E3;
  8329 : 88F4;
  8330 : 8905;
  8331 : 8916;
  8332 : 8990;
  8333 : 8587;
  8334 : 1398;
  8335 : C01E;
  8336 : 8596;
  8337 : 8585;
  8338 : 1398;
  8339 : C01A;
  8340 : 0194;
  8341 : 01A5;
  8342 : 8166;
  8343 : 8177;
  8344 : 8580;
  8345 : 8591;
  8346 : 940E;
  8347 : 28B8;
  8348 : 1181;
  8349 : C010;
  8350 : 0197;
  8351 : 01A8;
  8352 : 85E8;
  8353 : 85F9;
  8354 : 8967;
  8355 : 8D70;
  8356 : 8D81;
  8357 : 8D92;
  8358 : 940E;
  8359 : 28B8;
  8360 : 1181;
  8361 : C004;
  8362 : 81FF;
  8363 : 15F1;
  8364 : F409;
  8365 : C06B;
  8366 : 85E8;
  8367 : 85F9;
  8368 : 8286;
  8369 : 8297;
  8370 : 86A0;
  8371 : 86B1;
  8372 : 8AE7;
  8373 : 8EF0;
  8374 : 8F01;
  8375 : 8F12;
  8376 : E000;
  8377 : E010;
  8378 : E120;
  8379 : E030;
  8380 : E748;
  8381 : E050;
  8382 : 816D;
  8383 : 817E;
  8384 : 8189;
  8385 : 819A;
  8386 : 940E;
  8387 : 0813;
  8388 : 01B8;
  8389 : 85E8;
  8390 : 85F9;
  8391 : 8D86;
  8392 : 8D97;
  8393 : 940E;
  8394 : 09F3;
  8395 : 816D;
  8396 : 817E;
  8397 : 8189;
  8398 : 819A;
  8399 : 940E;
  8400 : 085D;
  8401 : 8588;
  8402 : 8599;
  8403 : 5789;
  8404 : 4094;
  8405 : F009;
  8406 : C053;
  8407 : E08B;
  8408 : E093;
  8409 : 940E;
  8410 : 11D6;
  8411 : 85E8;
  8412 : 85F9;
  8413 : 8923;
  8414 : 8934;
  8415 : 8945;
  8416 : 8956;
  8417 : 8162;
  8418 : 8173;
  8419 : 8184;
  8420 : 8195;
  8421 : 940E;
  8422 : 2A1C;
  8423 : 8369;
  8424 : 837A;
  8425 : 838B;
  8426 : 839C;
  8427 : E840;
  8428 : E35F;
  8429 : 0198;
  8430 : 940E;
  8431 : 28B8;
  8432 : FF87;
  8433 : C03B;
  8434 : E74A;
  8435 : E454;
  8436 : 0198;
  8437 : 8169;
  8438 : 817A;
  8439 : 818B;
  8440 : 819C;
  8441 : 940E;
  8442 : 2A1C;
  8443 : 940E;
  8444 : 292F;
  8445 : 01CB;
  8446 : 940E;
  8447 : 1390;
  8448 : ED8D;
  8449 : E093;
  8450 : 940E;
  8451 : 11D6;
  8452 : E687;
  8453 : E093;
  8454 : 940E;
  8455 : 11D6;
  8456 : 85E8;
  8457 : 85F9;
  8458 : 8585;
  8459 : 3081;
  8460 : F151;
  8461 : 3082;
  8462 : F559;
  8463 : EB88;
  8464 : E092;
  8465 : 940E;
  8466 : 11D6;
  8467 : 85E8;
  8468 : 85F9;
  8469 : 8587;
  8470 : 8B80;
  8471 : 8585;
  8472 : 8786;
  8473 : 9629;
  8474 : B60F;
  8475 : 94F8;
  8476 : BFDE;
  8477 : BE0F;
  8478 : BFCD;
  8479 : 91DF;
  8480 : 91CF;
  8481 : 911F;
  8482 : 910F;
  8483 : 90FF;
  8484 : 90EF;
  8485 : 90BF;
  8486 : 90AF;
  8487 : 909F;
  8488 : 908F;
  8489 : 9508;
  8490 : E181;
  8491 : E093;
  8492 : CFAC;
  8493 : E042;
  8494 : 8169;
  8495 : 817A;
  8496 : 818B;
  8497 : 819C;
  8498 : 940E;
  8499 : 131D;
  8500 : EF87;
  8501 : E093;
  8502 : CFCB;
  8503 : EB85;
  8504 : E092;
  8505 : CFD7;
  8506 : EB82;
  8507 : E092;
  8508 : CFD4;
  8509 : 92EF;
  8510 : 930F;
  8511 : 931F;
  8512 : 93CF;
  8513 : 93DF;
  8514 : D000;
  8515 : D000;
  8516 : 920F;
  8517 : B7CD;
  8518 : B7DE;
  8519 : 8389;
  8520 : E081;
  8521 : 940E;
  8522 : 09FC;
  8523 : 940E;
  8524 : 2054;
  8525 : 838D;
  8526 : 8189;
  8527 : 1181;
  8528 : C005;
  8529 : 9180;
  8530 : 0105;
  8531 : 819D;
  8532 : 1789;
  8533 : F0F9;
  8534 : 812D;
  8535 : 5021;
  8536 : 3023;
  8537 : F008;
  8538 : C159;
  8539 : E030;
  8540 : 0F22;
  8541 : 1F33;
  8542 : 01F9;
  8543 : 57EA;
  8544 : 4FFE;
  8545 : 8180;
  8546 : 8191;
  8547 : 5820;
  8548 : 4F3E;
  8549 : 01F9;
  8550 : 8120;
  8551 : 8131;
  8552 : E042;
  8553 : 2EE4;
  8554 : E806;
  8555 : E311;
  8556 : E045;
  8557 : E050;
  8558 : E664;
  8559 : E070;
  8560 : 940E;
  8561 : 121D;
  8562 : 81FD;
  8563 : 93F0;
  8564 : 0105;
  8565 : 8129;
  8566 : E143;
  8567 : E051;
  8568 : E065;
  8569 : E070;
  8570 : E789;
  8571 : E094;
  8572 : 940E;
  8573 : 206A;
  8574 : 8129;
  8575 : E143;
  8576 : E051;
  8577 : E76D;
  8578 : E070;
  8579 : E48D;
  8580 : E094;
  8581 : 940E;
  8582 : 206A;
  8583 : 91E0;
  8584 : 0160;
  8585 : 91F0;
  8586 : 0161;
  8587 : 8980;
  8588 : 9190;
  8589 : 0152;
  8590 : 1581;
  8591 : F409;
  8592 : C17C;
  8593 : 8933;
  8594 : 8922;
  8595 : 1389;
  8596 : C00B;
  8597 : 9190;
  8598 : 0153;
  8599 : 1393;
  8600 : C007;
  8601 : 9190;
  8602 : 0154;
  8603 : 1392;
  8604 : C003;
  8605 : 8199;
  8606 : 1591;
  8607 : F091;
  8608 : 9380;
  8609 : 0152;
  8610 : 9330;
  8611 : 0153;
  8612 : 9320;
  8613 : 0154;
  8614 : E000;
  8615 : E010;
  8616 : E120;
  8617 : E030;
  8618 : EF40;
  8619 : E050;
  8620 : E267;
  8621 : E071;
  8622 : E085;
  8623 : E090;
  8624 : 940E;
  8625 : 0813;
  8626 : 91E0;
  8627 : 0160;
  8628 : 91F0;
  8629 : 0161;
  8630 : 8982;
  8631 : 3081;
  8632 : F409;
  8633 : C0FF;
  8634 : 3082;
  8635 : F409;
  8636 : C128;
  8637 : 9190;
  8638 : 0133;
  8639 : 9180;
  8640 : 0445;
  8641 : 1398;
  8642 : C003;
  8643 : 81E9;
  8644 : 15E1;
  8645 : F171;
  8646 : E000;
  8647 : E010;
  8648 : E120;
  8649 : E030;
  8650 : E644;
  8651 : E050;
  8652 : E163;
  8653 : E071;
  8654 : EE8B;
  8655 : E090;
  8656 : 940E;
  8657 : 0813;
  8658 : 01B8;
  8659 : EF8F;
  8660 : EF9F;
  8661 : 940E;
  8662 : 09F3;
  8663 : E163;
  8664 : E071;
  8665 : EE8B;
  8666 : E090;
  8667 : 940E;
  8668 : 085D;
  8669 : E28D;
  8670 : E093;
  8671 : 940E;
  8672 : 11D6;
  8673 : 91E0;
  8674 : 0445;
  8675 : E0F0;
  8676 : 0FEE;
  8677 : 1FFF;
  8678 : 5FE9;
  8679 : 4FFE;
  8680 : 8180;
  8681 : 8191;
  8682 : 940E;
  8683 : 11D6;
  8684 : 9180;
  8685 : 0445;
  8686 : 9380;
  8687 : 0133;
  8688 : E381;
  8689 : E093;
  8690 : 940E;
  8691 : 11D6;
  8692 : 9120;
  8693 : 0131;
  8694 : 9130;
  8695 : 0132;
  8696 : 9180;
  8697 : 0149;
  8698 : 9190;
  8699 : 014A;
  8700 : 1728;
  8701 : 0739;
  8702 : F421;
  8703 : 81F9;
  8704 : 15F1;
  8705 : F409;
  8706 : C043;
  8707 : E000;
  8708 : E010;
  8709 : E120;
  8710 : E030;
  8711 : E644;
  8712 : E050;
  8713 : E163;
  8714 : E071;
  8715 : E48F;
  8716 : E091;
  8717 : 940E;
  8718 : 0813;
  8719 : 01B8;
  8720 : EE80;
  8721 : E097;
  8722 : 940E;
  8723 : 09F3;
  8724 : E163;
  8725 : E071;
  8726 : E48F;
  8727 : E091;
  8728 : 940E;
  8729 : 085D;
  8730 : E386;
  8731 : E093;
  8732 : 940E;
  8733 : 11D6;
  8734 : 9120;
  8735 : 0149;
  8736 : 9130;
  8737 : 014A;
  8738 : EEA4;
  8739 : E0BC;
  8740 : 940E;
  8741 : 27C3;
  8742 : 2F67;
  8743 : 2F78;
  8744 : 2F89;
  8745 : E090;
  8746 : E024;
  8747 : 9586;
  8748 : 9577;
  8749 : 9567;
  8750 : 952A;
  8751 : F7D9;
  8752 : 940E;
  8753 : 2965;
  8754 : E74A;
  8755 : E454;
  8756 : 0198;
  8757 : 940E;
  8758 : 28BD;
  8759 : E042;
  8760 : 940E;
  8761 : 131D;
  8762 : EF87;
  8763 : E093;
  8764 : 940E;
  8765 : 11D6;
  8766 : 9180;
  8767 : 0149;
  8768 : 9190;
  8769 : 014A;
  8770 : 9380;
  8771 : 0131;
  8772 : 9390;
  8773 : 0132;
  8774 : 91E0;
  8775 : 0160;
  8776 : 91F0;
  8777 : 0161;
  8778 : 8981;
  8779 : 3081;
  8780 : F009;
  8781 : C0F7;
  8782 : 940E;
  8783 : 1F3C;
  8784 : 8369;
  8785 : 837A;
  8786 : 838B;
  8787 : 839C;
  8788 : 9160;
  8789 : 012D;
  8790 : 9170;
  8791 : 012E;
  8792 : 9180;
  8793 : 012F;
  8794 : 9190;
  8795 : 0130;
  8796 : 940E;
  8797 : 2965;
  8798 : 8129;
  8799 : 813A;
  8800 : 814B;
  8801 : 815C;
  8802 : 940E;
  8803 : 28B8;
  8804 : 1181;
  8805 : C004;
  8806 : 9180;
  8807 : 04B5;
  8808 : 1181;
  8809 : C03F;
  8810 : E267;
  8811 : E071;
  8812 : EE8B;
  8813 : E090;
  8814 : 940E;
  8815 : 085D;
  8816 : E060;
  8817 : E070;
  8818 : EF8F;
  8819 : EF9F;
  8820 : 940E;
  8821 : 09F3;
  8822 : E38D;
  8823 : E093;
  8824 : 940E;
  8825 : 11D6;
  8826 : E020;
  8827 : E234;
  8828 : E744;
  8829 : E459;
  8830 : 8169;
  8831 : 817A;
  8832 : 818B;
  8833 : 819C;
  8834 : 940E;
  8835 : 2A17;
  8836 : 1618;
  8837 : F00C;
  8838 : C098;
  8839 : E020;
  8840 : E234;
  8841 : E744;
  8842 : E459;
  8843 : 8169;
  8844 : 817A;
  8845 : 818B;
  8846 : 819C;
  8847 : 940E;
  8848 : 28BD;
  8849 : E042;
  8850 : 940E;
  8851 : 131D;
  8852 : E480;
  8853 : E093;
  8854 : 940E;
  8855 : 11D6;
  8856 : 8169;
  8857 : 817A;
  8858 : 818B;
  8859 : 819C;
  8860 : 940E;
  8861 : 2936;
  8862 : 9360;
  8863 : 012D;
  8864 : 9370;
  8865 : 012E;
  8866 : 9380;
  8867 : 012F;
  8868 : 9390;
  8869 : 0130;
  8870 : E081;
  8871 : 9380;
  8872 : 04B5;
  8873 : 900F;
  8874 : 900F;
  8875 : 900F;
  8876 : 900F;
  8877 : 900F;
  8878 : 91DF;
  8879 : 91CF;
  8880 : 911F;
  8881 : 910F;
  8882 : 90EF;
  8883 : 9508;
  8884 : E020;
  8885 : EF38;
  8886 : E187;
  8887 : E093;
  8888 : CEAF;
  8889 : E267;
  8890 : E071;
  8891 : E085;
  8892 : E090;
  8893 : 940E;
  8894 : 085D;
  8895 : E060;
  8896 : E070;
  8897 : 9180;
  8898 : 0497;
  8899 : 9190;
  8900 : 0498;
  8901 : 940E;
  8902 : 09F3;
  8903 : 91E0;
  8904 : 0160;
  8905 : 91F0;
  8906 : 0161;
  8907 : 8983;
  8908 : 3081;
  8909 : F450;
  8910 : 8160;
  8911 : 8171;
  8912 : 8182;
  8913 : 8193;
  8914 : E041;
  8915 : 940E;
  8916 : 131D;
  8917 : E18E;
  8918 : E093;
  8919 : C00A;
  8920 : F539;
  8921 : 8164;
  8922 : 8175;
  8923 : 8186;
  8924 : 8197;
  8925 : E042;
  8926 : 940E;
  8927 : 131D;
  8928 : E283;
  8929 : E093;
  8930 : 940E;
  8931 : 11D6;
  8932 : CED8;
  8933 : E267;
  8934 : E071;
  8935 : E78D;
  8936 : E090;
  8937 : 940E;
  8938 : 085D;
  8939 : E060;
  8940 : E070;
  8941 : 9180;
  8942 : 046B;
  8943 : 9190;
  8944 : 046C;
  8945 : 940E;
  8946 : 09F3;
  8947 : 91E0;
  8948 : 0160;
  8949 : 91F0;
  8950 : 0161;
  8951 : 8983;
  8952 : 3081;
  8953 : F6F0;
  8954 : 8160;
  8955 : 8171;
  8956 : 8182;
  8957 : 8193;
  8958 : E042;
  8959 : CFD3;
  8960 : 3082;
  8961 : F009;
  8962 : CEBA;
  8963 : 8560;
  8964 : 8571;
  8965 : 8582;
  8966 : 8593;
  8967 : E042;
  8968 : 940E;
  8969 : 131D;
  8970 : E288;
  8971 : E093;
  8972 : CFD5;
  8973 : 1591;
  8974 : F409;
  8975 : CEAD;
  8976 : E000;
  8977 : E010;
  8978 : E120;
  8979 : E030;
  8980 : EF40;
  8981 : E050;
  8982 : E267;
  8983 : E071;
  8984 : E085;
  8985 : E090;
  8986 : 940E;
  8987 : 0813;
  8988 : 9210;
  8989 : 0152;
  8990 : CE9E;
  8991 : E020;
  8992 : E030;
  8993 : E74A;
  8994 : E454;
  8995 : 8169;
  8996 : 817A;
  8997 : 818B;
  8998 : 819C;
  8999 : 940E;
  9000 : 2A17;
  9001 : 1618;
  9002 : F484;
  9003 : E020;
  9004 : E030;
  9005 : E74A;
  9006 : E454;
  9007 : 8169;
  9008 : 817A;
  9009 : 818B;
  9010 : 819C;
  9011 : 940E;
  9012 : 28BD;
  9013 : E041;
  9014 : 940E;
  9015 : 131D;
  9016 : E484;
  9017 : E093;
  9018 : CF5B;
  9019 : E041;
  9020 : 8169;
  9021 : 817A;
  9022 : 818B;
  9023 : 819C;
  9024 : 940E;
  9025 : 131D;
  9026 : E488;
  9027 : E093;
  9028 : CF51;
  9029 : 9180;
  9030 : 04B5;
  9031 : 3081;
  9032 : F009;
  9033 : CF5F;
  9034 : E000;
  9035 : E010;
  9036 : E124;
  9037 : E030;
  9038 : E54A;
  9039 : E050;
  9040 : E267;
  9041 : E071;
  9042 : EE8B;
  9043 : E090;
  9044 : 940E;
  9045 : 0813;
  9046 : 9210;
  9047 : 04B5;
  9048 : E880;
  9049 : EB9F;
  9050 : 01B8;
  9051 : 940E;
  9052 : 2936;
  9053 : 9360;
  9054 : 012D;
  9055 : 9370;
  9056 : 012E;
  9057 : 9380;
  9058 : 012F;
  9059 : 9390;
  9060 : 0130;
  9061 : CF43;
  9062 : 93CF;
  9063 : 93DF;
  9064 : 01EB;
  9065 : 3087;
  9066 : F008;
  9067 : C0A3;
  9068 : 2FE8;
  9069 : E0F0;
  9070 : 53E5;
  9071 : 4DF2;
  9072 : 940C;
  9073 : 283B;
  9074 : EC4E;
  9075 : EF5F;
  9076 : E061;
  9077 : E080;
  9078 : 940E;
  9079 : 15A9;
  9080 : EF4A;
  9081 : E050;
  9082 : E062;
  9083 : E080;
  9084 : 940E;
  9085 : 15A9;
  9086 : E042;
  9087 : E050;
  9088 : E063;
  9089 : E080;
  9090 : 940E;
  9091 : 15A9;
  9092 : 01AE;
  9093 : E060;
  9094 : E080;
  9095 : 91DF;
  9096 : 91CF;
  9097 : 940C;
  9098 : 15A9;
  9099 : E040;
  9100 : E050;
  9101 : E061;
  9102 : E081;
  9103 : 940E;
  9104 : 15A9;
  9105 : E049;
  9106 : E050;
  9107 : E062;
  9108 : E081;
  9109 : 940E;
  9110 : 15A9;
  9111 : E041;
  9112 : E050;
  9113 : E063;
  9114 : E081;
  9115 : 940E;
  9116 : 15A9;
  9117 : 01AE;
  9118 : E060;
  9119 : E081;
  9120 : CFE6;
  9121 : EC4E;
  9122 : EF5F;
  9123 : E061;
  9124 : E082;
  9125 : 940E;
  9126 : 15A9;
  9127 : EF4A;
  9128 : E050;
  9129 : E062;
  9130 : E082;
  9131 : 940E;
  9132 : 15A9;
  9133 : E042;
  9134 : E050;
  9135 : E063;
  9136 : E082;
  9137 : 940E;
  9138 : 15A9;
  9139 : 01AE;
  9140 : E060;
  9141 : E082;
  9142 : CFD0;
  9143 : E040;
  9144 : E050;
  9145 : E061;
  9146 : E083;
  9147 : 940E;
  9148 : 15A9;
  9149 : E049;
  9150 : E050;
  9151 : E062;
  9152 : E083;
  9153 : 940E;
  9154 : 15A9;
  9155 : E041;
  9156 : E050;
  9157 : E063;
  9158 : E083;
  9159 : 940E;
  9160 : 15A9;
  9161 : 01AE;
  9162 : E060;
  9163 : E083;
  9164 : CFBA;
  9165 : E040;
  9166 : E050;
  9167 : E061;
  9168 : E084;
  9169 : 940E;
  9170 : 15A9;
  9171 : E140;
  9172 : E050;
  9173 : E062;
  9174 : E084;
  9175 : 940E;
  9176 : 15A9;
  9177 : E041;
  9178 : E050;
  9179 : E063;
  9180 : E084;
  9181 : 940E;
  9182 : 15A9;
  9183 : 01AE;
  9184 : E060;
  9185 : E084;
  9186 : CFA4;
  9187 : E040;
  9188 : E050;
  9189 : E061;
  9190 : E085;
  9191 : 940E;
  9192 : 15A9;
  9193 : EF4F;
  9194 : E05F;
  9195 : E062;
  9196 : E085;
  9197 : 940E;
  9198 : 15A9;
  9199 : E440;
  9200 : E050;
  9201 : E063;
  9202 : E085;
  9203 : 940E;
  9204 : 15A9;
  9205 : 01AE;
  9206 : E060;
  9207 : E085;
  9208 : CF8E;
  9209 : E348;
  9210 : EF5F;
  9211 : E061;
  9212 : E086;
  9213 : 940E;
  9214 : 15A9;
  9215 : EC48;
  9216 : E050;
  9217 : E062;
  9218 : E086;
  9219 : 940E;
  9220 : 15A9;
  9221 : E044;
  9222 : E050;
  9223 : E063;
  9224 : E086;
  9225 : 940E;
  9226 : 15A9;
  9227 : 01AE;
  9228 : E060;
  9229 : E086;
  9230 : CF78;
  9231 : 91DF;
  9232 : 91CF;
  9233 : 9508;
  9234 : E768;
  9235 : E070;
  9236 : E080;
  9237 : 940E;
  9238 : 2366;
  9239 : E065;
  9240 : E070;
  9241 : E081;
  9242 : 940E;
  9243 : 2366;
  9244 : E961;
  9245 : E070;
  9246 : E082;
  9247 : 940E;
  9248 : 2366;
  9249 : E065;
  9250 : E070;
  9251 : E083;
  9252 : 940E;
  9253 : 2366;
  9254 : E06B;
  9255 : E070;
  9256 : E084;
  9257 : 940E;
  9258 : 2366;
  9259 : E060;
  9260 : E078;
  9261 : E085;
  9262 : 940C;
  9263 : 2366;
  9264 : 930F;
  9265 : 931F;
  9266 : 93CF;
  9267 : 93DF;
  9268 : E091;
  9269 : E4AD;
  9270 : E0B4;
  9271 : E7E9;
  9272 : E0F4;
  9273 : 3081;
  9274 : F029;
  9275 : E7A9;
  9276 : E0B4;
  9277 : E4ED;
  9278 : E0F4;
  9279 : E092;
  9280 : 8120;
  9281 : 1121;
  9282 : C00D;
  9283 : E081;
  9284 : 8380;
  9285 : 8381;
  9286 : 9611;
  9287 : 921C;
  9288 : 9390;
  9289 : 0151;
  9290 : 91DF;
  9291 : 91CF;
  9292 : 911F;
  9293 : 910F;
  9294 : 940C;
  9295 : 1C3A;
  9296 : 8121;
  9297 : 1121;
  9298 : C002;
  9299 : E081;
  9300 : CFF0;
  9301 : 5081;
  9302 : 8210;
  9303 : 8211;
  9304 : E000;
  9305 : E010;
  9306 : 2FC8;
  9307 : E0D0;
  9308 : 0FCC;
  9309 : 1FDD;
  9310 : 5BC5;
  9311 : 4FDE;
  9312 : 01C8;
  9313 : 0F88;
  9314 : 1F99;
  9315 : 81E8;
  9316 : 81F9;
  9317 : 0FE8;
  9318 : 1FF9;
  9319 : 8160;
  9320 : 8171;
  9321 : E040;
  9322 : E050;
  9323 : 01C8;
  9324 : 9605;
  9325 : 940E;
  9326 : 0866;
  9327 : 5F0F;
  9328 : 4F1F;
  9329 : 3900;
  9330 : E081;
  9331 : 0718;
  9332 : F759;
  9333 : CFD4;
  9334 : E081;
  9335 : 9380;
  9336 : 0479;
  9337 : 9380;
  9338 : 047A;
  9339 : E8A0;
  9340 : E3BF;
  9341 : 9210;
  9342 : 047B;
  9343 : 9210;
  9344 : 047C;
  9345 : 93A0;
  9346 : 047D;
  9347 : 93B0;
  9348 : 047E;
  9349 : E32C;
  9350 : 9320;
  9351 : 0483;
  9352 : 9210;
  9353 : 0484;
  9354 : 9210;
  9355 : 0486;
  9356 : 9210;
  9357 : 048A;
  9358 : 9210;
  9359 : 0485;
  9360 : E026;
  9361 : 9320;
  9362 : 0488;
  9363 : EE40;
  9364 : EF5F;
  9365 : 9340;
  9366 : 0497;
  9367 : 9350;
  9368 : 0498;
  9369 : 9210;
  9370 : 048B;
  9371 : 9210;
  9372 : 048C;
  9373 : 9210;
  9374 : 048D;
  9375 : 93A0;
  9376 : 048E;
  9377 : 93B0;
  9378 : 048F;
  9379 : 9210;
  9380 : 044D;
  9381 : 9210;
  9382 : 044E;
  9383 : 9210;
  9384 : 044F;
  9385 : 9210;
  9386 : 0450;
  9387 : 93A0;
  9388 : 0451;
  9389 : 93B0;
  9390 : 0452;
  9391 : E446;
  9392 : 9340;
  9393 : 0457;
  9394 : 9210;
  9395 : 0458;
  9396 : 9210;
  9397 : 045A;
  9398 : 9210;
  9399 : 045E;
  9400 : 9210;
  9401 : 0459;
  9402 : 9320;
  9403 : 045C;
  9404 : EF2F;
  9405 : E037;
  9406 : 9320;
  9407 : 046B;
  9408 : 9330;
  9409 : 046C;
  9410 : 9210;
  9411 : 045F;
  9412 : 9210;
  9413 : 0460;
  9414 : 9210;
  9415 : 0461;
  9416 : 93A0;
  9417 : 0462;
  9418 : 93B0;
  9419 : 0463;
  9420 : 9508;
  9421 : 930F;
  9422 : 931F;
  9423 : 93CF;
  9424 : 93DF;
  9425 : D000;
  9426 : D000;
  9427 : B7CD;
  9428 : B7DE;
  9429 : 018C;
  9430 : 836B;
  9431 : 837C;
  9432 : 8349;
  9433 : 835A;
  9434 : 01FA;
  9435 : 8180;
  9436 : 8191;
  9437 : 1786;
  9438 : 0797;
  9439 : F0F1;
  9440 : 01F8;
  9441 : 8D83;
  9442 : 1181;
  9443 : C023;
  9444 : 812B;
  9445 : 8727;
  9446 : 2FE6;
  9447 : E0F0;
  9448 : 0FEE;
  9449 : 1FFF;
  9450 : 0FEE;
  9451 : 1FFF;
  9452 : 56E2;
  9453 : 4FFE;
  9454 : 8130;
  9455 : 8121;
  9456 : 8182;
  9457 : 8193;
  9458 : 01BC;
  9459 : 01F8;
  9460 : 8332;
  9461 : 8323;
  9462 : 8384;
  9463 : 8375;
  9464 : 812B;
  9465 : 813C;
  9466 : 81E9;
  9467 : 81FA;
  9468 : 8320;
  9469 : 8331;
  9470 : 900F;
  9471 : 900F;
  9472 : 900F;
  9473 : 900F;
  9474 : 91DF;
  9475 : 91CF;
  9476 : 911F;
  9477 : 910F;
  9478 : 9508;
  9479 : 81EB;
  9480 : 81FC;
  9481 : 01BF;
  9482 : 0FFF;
  9483 : 0B88;
  9484 : 2F98;
  9485 : 940E;
  9486 : 2967;
  9487 : E020;
  9488 : E030;
  9489 : EC48;
  9490 : E452;
  9491 : 940E;
  9492 : 28BD;
  9493 : 2F36;
  9494 : 2F27;
  9495 : CFDA;
  9496 : 9380;
  9497 : 401E;
  9498 : 9508;
  9499 : 93CF;
  9500 : 93DF;
  9501 : D000;
  9502 : B7CD;
  9503 : B7DE;
  9504 : 940E;
  9505 : 2476;
  9506 : 940E;
  9507 : 2412;
  9508 : 940E;
  9509 : 1DD9;
  9510 : E081;
  9511 : 940E;
  9512 : 213D;
  9513 : E08B;
  9514 : 9380;
  9515 : 0445;
  9516 : BB84;
  9517 : 9180;
  9518 : 0149;
  9519 : 9190;
  9520 : 014A;
  9521 : 940E;
  9522 : 16F8;
  9523 : 9140;
  9524 : 0155;
  9525 : E060;
  9526 : E080;
  9527 : 940E;
  9528 : 16FD;
  9529 : 91E0;
  9530 : 0160;
  9531 : 91F0;
  9532 : 0161;
  9533 : E081;
  9534 : 8B82;
  9535 : 8A13;
  9536 : 8A10;
  9537 : 8A11;
  9538 : E789;
  9539 : E094;
  9540 : 940E;
  9541 : 15C5;
  9542 : E48D;
  9543 : E094;
  9544 : 940E;
  9545 : 15C5;
  9546 : E184;
  9547 : 9380;
  9548 : 401E;
  9549 : 24FF;
  9550 : 94FA;
  9551 : 9210;
  9552 : 0447;
  9553 : 01BE;
  9554 : 5F6F;
  9555 : 4F7F;
  9556 : 01CE;
  9557 : 9602;
  9558 : 940E;
  9559 : 159B;
  9560 : 1581;
  9561 : F161;
  9562 : 811A;
  9563 : 3F1F;
  9564 : F149;
  9565 : E48C;
  9566 : E093;
  9567 : 940E;
  9568 : 1403;
  9569 : 2F81;
  9570 : 940E;
  9571 : 149C;
  9572 : EF83;
  9573 : E091;
  9574 : 940E;
  9575 : 1403;
  9576 : EFEF;
  9577 : 0FE1;
  9578 : 31E4;
  9579 : F468;
  9580 : E0F0;
  9581 : 52EE;
  9582 : 4DF2;
  9583 : 940C;
  9584 : 283B;
  9585 : 9180;
  9586 : 0151;
  9587 : 3085;
  9588 : F421;
  9589 : 9210;
  9590 : 044B;
  9591 : 9210;
  9592 : 044C;
  9593 : 9180;
  9594 : 0151;
  9595 : 3083;
  9596 : F409;
  9597 : C182;
  9598 : F008;
  9599 : C0ED;
  9600 : 3081;
  9601 : F409;
  9602 : C102;
  9603 : 3082;
  9604 : F409;
  9605 : C12D;
  9606 : 940E;
  9607 : 15B9;
  9608 : 9180;
  9609 : 041B;
  9610 : 9190;
  9611 : 015E;
  9612 : 1798;
  9613 : F089;
  9614 : BB84;
  9615 : 9380;
  9616 : 015E;
  9617 : 9380;
  9618 : 015F;
  9619 : E091;
  9620 : 9390;
  9621 : 0157;
  9622 : 9380;
  9623 : 0445;
  9624 : 9210;
  9625 : 0448;
  9626 : 9390;
  9627 : 0148;
  9628 : BF95;
  9629 : 940E;
  9630 : 1C3A;
  9631 : 9100;
  9632 : 041D;
  9633 : 9110;
  9634 : 041E;
  9635 : 9180;
  9636 : 015A;
  9637 : 9190;
  9638 : 015B;
  9639 : 1780;
  9640 : 0791;
  9641 : F0A1;
  9642 : 9180;
  9643 : 0446;
  9644 : 3081;
  9645 : F009;
  9646 : C1B0;
  9647 : 3011;
  9648 : F40C;
  9649 : C1A7;
  9650 : EF0F;
  9651 : E010;
  9652 : 9300;
  9653 : 0156;
  9654 : 9300;
  9655 : 401E;
  9656 : 940E;
  9657 : 1C3A;
  9658 : 9300;
  9659 : 015A;
  9660 : 9310;
  9661 : 015B;
  9662 : 9180;
  9663 : 041F;
  9664 : 9190;
  9665 : 0420;
  9666 : 9120;
  9667 : 0158;
  9668 : 9130;
  9669 : 0159;
  9670 : 1728;
  9671 : 0739;
  9672 : F089;
  9673 : BAF4;
  9674 : E021;
  9675 : BB24;
  9676 : BB84;
  9677 : BB94;
  9678 : BAF4;
  9679 : BE1C;
  9680 : 9380;
  9681 : 0158;
  9682 : 9390;
  9683 : 0159;
  9684 : 9380;
  9685 : 044B;
  9686 : 9390;
  9687 : 044C;
  9688 : 9320;
  9689 : 0447;
  9690 : 9180;
  9691 : 0413;
  9692 : 9190;
  9693 : 0414;
  9694 : 9380;
  9695 : 0483;
  9696 : 9390;
  9697 : 0484;
  9698 : 9180;
  9699 : 0417;
  9700 : 9190;
  9701 : 0418;
  9702 : 9380;
  9703 : 0457;
  9704 : 9390;
  9705 : 0458;
  9706 : 9160;
  9707 : 0415;
  9708 : 9170;
  9709 : 0416;
  9710 : EA47;
  9711 : E054;
  9712 : E789;
  9713 : E094;
  9714 : 940E;
  9715 : 24CD;
  9716 : 9160;
  9717 : 0419;
  9718 : 9170;
  9719 : 041A;
  9720 : EA45;
  9721 : E054;
  9722 : E48D;
  9723 : E094;
  9724 : 940E;
  9725 : 24CD;
  9726 : 940E;
  9727 : 2014;
  9728 : E080;
  9729 : 940E;
  9730 : 213D;
  9731 : E789;
  9732 : E094;
  9733 : 940E;
  9734 : 15C5;
  9735 : E48D;
  9736 : E094;
  9737 : 940E;
  9738 : 15C5;
  9739 : CF43;
  9740 : 9180;
  9741 : 04B7;
  9742 : 3082;
  9743 : F489;
  9744 : E081;
  9745 : 9380;
  9746 : 0148;
  9747 : 9210;
  9748 : 04B7;
  9749 : 9140;
  9750 : 0155;
  9751 : 9160;
  9752 : 04B6;
  9753 : E080;
  9754 : 940E;
  9755 : 16FD;
  9756 : 9210;
  9757 : 0448;
  9758 : E081;
  9759 : BF85;
  9760 : C008;
  9761 : 9180;
  9762 : 0148;
  9763 : E091;
  9764 : 2789;
  9765 : 9380;
  9766 : 0148;
  9767 : 1181;
  9768 : CFEA;
  9769 : E081;
  9770 : 940E;
  9771 : 213D;
  9772 : CF4C;
  9773 : E082;
  9774 : 9380;
  9775 : 04B7;
  9776 : 9140;
  9777 : 0155;
  9778 : 9160;
  9779 : 04B6;
  9780 : 940E;
  9781 : 16FD;
  9782 : 9210;
  9783 : 0448;
  9784 : E081;
  9785 : 9380;
  9786 : 0148;
  9787 : BF85;
  9788 : CFED;
  9789 : E083;
  9790 : 9380;
  9791 : 0151;
  9792 : 940E;
  9793 : 1C3A;
  9794 : CF36;
  9795 : E084;
  9796 : CFF9;
  9797 : E081;
  9798 : 940E;
  9799 : 2430;
  9800 : CF30;
  9801 : E082;
  9802 : CFFB;
  9803 : E768;
  9804 : E070;
  9805 : E080;
  9806 : 940E;
  9807 : 2366;
  9808 : CF28;
  9809 : E961;
  9810 : E070;
  9811 : E082;
  9812 : CFF9;
  9813 : 9180;
  9814 : 0446;
  9815 : 3081;
  9816 : F461;
  9817 : E184;
  9818 : 9380;
  9819 : 0156;
  9820 : 9380;
  9821 : 401E;
  9822 : E144;
  9823 : E050;
  9824 : E060;
  9825 : E085;
  9826 : 940E;
  9827 : 15A9;
  9828 : CF14;
  9829 : E060;
  9830 : E078;
  9831 : E085;
  9832 : CFE5;
  9833 : E060;
  9834 : E070;
  9835 : E086;
  9836 : CFE1;
  9837 : 3084;
  9838 : F009;
  9839 : CF16;
  9840 : 3019;
  9841 : F409;
  9842 : C077;
  9843 : F008;
  9844 : C064;
  9845 : 3013;
  9846 : F409;
  9847 : C07E;
  9848 : 3016;
  9849 : F009;
  9850 : CF0B;
  9851 : 91E0;
  9852 : 0160;
  9853 : 91F0;
  9854 : 0161;
  9855 : E081;
  9856 : 8990;
  9857 : 1191;
  9858 : E080;
  9859 : 8B80;
  9860 : C060;
  9861 : 3016;
  9862 : F101;
  9863 : F480;
  9864 : 1511;
  9865 : F121;
  9866 : 3013;
  9867 : F009;
  9868 : CEF9;
  9869 : E789;
  9870 : E094;
  9871 : 940E;
  9872 : 1BD1;
  9873 : EF8F;
  9874 : EF9F;
  9875 : 9380;
  9876 : 04A7;
  9877 : 9390;
  9878 : 04A8;
  9879 : CEEE;
  9880 : 3019;
  9881 : F041;
  9882 : E789;
  9883 : E094;
  9884 : 301C;
  9885 : F009;
  9886 : CEE7;
  9887 : 940E;
  9888 : 1B86;
  9889 : CEE4;
  9890 : E789;
  9891 : E094;
  9892 : 940E;
  9893 : 1BA6;
  9894 : CEDF;
  9895 : EA67;
  9896 : E074;
  9897 : E789;
  9898 : E094;
  9899 : 940E;
  9900 : 1E2D;
  9901 : CED8;
  9902 : E789;
  9903 : E094;
  9904 : 940E;
  9905 : 1F24;
  9906 : CED3;
  9907 : 3016;
  9908 : F0E1;
  9909 : F480;
  9910 : 1511;
  9911 : F0F1;
  9912 : 3013;
  9913 : F009;
  9914 : CECB;
  9915 : E48D;
  9916 : E094;
  9917 : 940E;
  9918 : 1BD1;
  9919 : EF8F;
  9920 : EF9F;
  9921 : 9380;
  9922 : 04A5;
  9923 : 9390;
  9924 : 04A6;
  9925 : CEC0;
  9926 : 3019;
  9927 : F031;
  9928 : 301C;
  9929 : F009;
  9930 : CEBB;
  9931 : E48D;
  9932 : E094;
  9933 : CFD1;
  9934 : E48D;
  9935 : E094;
  9936 : CFD3;
  9937 : EA65;
  9938 : E074;
  9939 : E48D;
  9940 : E094;
  9941 : CFD5;
  9942 : E48D;
  9943 : E094;
  9944 : CFD7;
  9945 : 301C;
  9946 : F009;
  9947 : CEAA;
  9948 : 91E0;
  9949 : 0160;
  9950 : 91F0;
  9951 : 0161;
  9952 : 8982;
  9953 : 5F8F;
  9954 : 3083;
  9955 : F420;
  9956 : 8B82;
  9957 : 940E;
  9958 : 1C3A;
  9959 : CE9E;
  9960 : E081;
  9961 : CFFA;
  9962 : 91E0;
  9963 : 0160;
  9964 : 91F0;
  9965 : 0161;
  9966 : 8983;
  9967 : 5F8F;
  9968 : 3083;
  9969 : F410;
  9970 : 8B83;
  9971 : CFF1;
  9972 : 8A13;
  9973 : CFEF;
  9974 : 91E0;
  9975 : 0160;
  9976 : 91F0;
  9977 : 0161;
  9978 : E081;
  9979 : 8991;
  9980 : 1191;
  9981 : E080;
  9982 : 8B81;
  9983 : CFE5;
  9984 : 3019;
  9985 : F149;
  9986 : F4A0;
  9987 : 3013;
  9988 : F181;
  9989 : 3016;
  9990 : F009;
  9991 : CE7E;
  9992 : 9180;
  9993 : 04B7;
  9994 : 5F8F;
  9995 : 2F98;
  9996 : 3082;
  9997 : F010;
  9998 : E080;
  9999 : E090;
  10000 : 9390;
  10001 : 04B7;
  10002 : 9140;
  10003 : 0155;
  10004 : 9160;
  10005 : 04B6;
  10006 : C011;
  10007 : 301C;
  10008 : F009;
  10009 : CE6C;
  10010 : 9140;
  10011 : 0155;
  10012 : 5F4F;
  10013 : 2F84;
  10014 : 3043;
  10015 : F010;
  10016 : E081;
  10017 : E041;
  10018 : 9380;
  10019 : 0155;
  10020 : 9160;
  10021 : 04B6;
  10022 : 9180;
  10023 : 04B7;
  10024 : 940E;
  10025 : 16FD;
  10026 : CFBA;
  10027 : E061;
  10028 : 9180;
  10029 : 04B6;
  10030 : 1181;
  10031 : E060;
  10032 : 9360;
  10033 : 04B6;
  10034 : 9140;
  10035 : 0155;
  10036 : CFF1;
  10037 : 9180;
  10038 : 0446;
  10039 : 1181;
  10040 : C01D;
  10041 : E081;
  10042 : 9380;
  10043 : 0446;
  10044 : E040;
  10045 : E050;
  10046 : E061;
  10047 : E085;
  10048 : 940E;
  10049 : 15A9;
  10050 : EF4F;
  10051 : E050;
  10052 : E062;
  10053 : E085;
  10054 : 940E;
  10055 : 15A9;
  10056 : E041;
  10057 : E050;
  10058 : E063;
  10059 : E085;
  10060 : 940E;
  10061 : 15A9;
  10062 : 9140;
  10063 : 0156;
  10064 : E050;
  10065 : E060;
  10066 : E085;
  10067 : 940E;
  10068 : 15A9;
  10069 : CF8F;
  10070 : 940E;
  10071 : 1C1E;
  10072 : CF8C;
  10073 : 1610;
  10074 : 0611;
  10075 : F40C;
  10076 : CE57;
  10077 : E001;
  10078 : CE54;
  10079 : 9300;
  10080 : 0149;
  10081 : 9310;
  10082 : 014A;
  10083 : 01C8;
  10084 : 940E;
  10085 : 16F8;
  10086 : CE53;
  10087 : E060;
  10088 : E47B;
  10089 : E080;
  10090 : E090;
  10091 : 940E;
  10092 : 13E5;
  10093 : EC86;
  10094 : E091;
  10095 : 940E;
  10096 : 1403;
  10097 : ED8D;
  10098 : E091;
  10099 : 940E;
  10100 : 1403;
  10101 : 940E;
  10102 : 1599;
  10103 : 940E;
  10104 : 1583;
  10105 : 940E;
  10106 : 09AB;
  10107 : E880;
  10108 : 940E;
  10109 : 13E3;
  10110 : E083;
  10111 : 940E;
  10112 : 09AD;
  10113 : E080;
  10114 : E090;
  10115 : 940E;
  10116 : 09E0;
  10117 : E082;
  10118 : 940E;
  10119 : 11E3;
  10120 : E081;
  10121 : 940E;
  10122 : 09FC;
  10123 : E060;
  10124 : E070;
  10125 : EF8F;
  10126 : EF9F;
  10127 : 940E;
  10128 : 09F3;
  10129 : EE20;
  10130 : E037;
  10131 : E342;
  10132 : E050;
  10133 : 01BA;
  10134 : 01CA;
  10135 : 940E;
  10136 : 08BB;
  10137 : E020;
  10138 : EF38;
  10139 : E644;
  10140 : E050;
  10141 : E362;
  10142 : E070;
  10143 : 01CA;
  10144 : 940E;
  10145 : 0891;
  10146 : EF0F;
  10147 : E017;
  10148 : E42B;
  10149 : E030;
  10150 : E14E;
  10151 : E051;
  10152 : E56F;
  10153 : E070;
  10154 : E184;
  10155 : E091;
  10156 : 940E;
  10157 : 0CEB;
  10158 : EF4F;
  10159 : EF5F;
  10160 : EC68;
  10161 : E070;
  10162 : E788;
  10163 : E090;
  10164 : 940E;
  10165 : 0866;
  10166 : 940E;
  10167 : 251B;
  10168 : E080;
  10169 : E090;
  10170 : 9508;
  10171 : 940E;
  10172 : 27C3;
  10173 : 2333;
  10174 : F412;
  10175 : 1B8A;
  10176 : 0B9B;
  10177 : 940C;
  10178 : 2846;
  10179 : 9FA2;
  10180 : 01B0;
  10181 : 9FB3;
  10182 : 01C0;
  10183 : 9FA3;
  10184 : 0D70;
  10185 : 1D81;
  10186 : 2411;
  10187 : 1D91;
  10188 : 9FB2;
  10189 : 0D70;
  10190 : 1D81;
  10191 : 2411;
  10192 : 1D91;
  10193 : 9508;
  10194 : 1BAA;
  10195 : 1BBB;
  10196 : E151;
  10197 : C007;
  10198 : 1FAA;
  10199 : 1FBB;
  10200 : 17A6;
  10201 : 07B7;
  10202 : F010;
  10203 : 1BA6;
  10204 : 0BB7;
  10205 : 1F88;
  10206 : 1F99;
  10207 : 955A;
  10208 : F7A9;
  10209 : 9580;
  10210 : 9590;
  10211 : 01BC;
  10212 : 01CD;
  10213 : 9508;
  10214 : FB97;
  10215 : 2E07;
  10216 : F416;
  10217 : 9400;
  10218 : D007;
  10219 : FD77;
  10220 : D009;
  10221 : 940E;
  10222 : 27D2;
  10223 : FC07;
  10224 : D005;
  10225 : F43E;
  10226 : 9590;
  10227 : 9581;
  10228 : 4F9F;
  10229 : 9508;
  10230 : 9570;
  10231 : 9561;
  10232 : 4F7F;
  10233 : 9508;
  10234 : E2A1;
  10235 : 2E1A;
  10236 : 1BAA;
  10237 : 1BBB;
  10238 : 01FD;
  10239 : C00D;
  10240 : 1FAA;
  10241 : 1FBB;
  10242 : 1FEE;
  10243 : 1FFF;
  10244 : 17A2;
  10245 : 07B3;
  10246 : 07E4;
  10247 : 07F5;
  10248 : F020;
  10249 : 1BA2;
  10250 : 0BB3;
  10251 : 0BE4;
  10252 : 0BF5;
  10253 : 1F66;
  10254 : 1F77;
  10255 : 1F88;
  10256 : 1F99;
  10257 : 941A;
  10258 : F769;
  10259 : 9560;
  10260 : 9570;
  10261 : 9580;
  10262 : 9590;
  10263 : 019B;
  10264 : 01AC;
  10265 : 01BD;
  10266 : 01CF;
  10267 : 9508;
  10268 : 2E05;
  10269 : FB97;
  10270 : F41E;
  10271 : 9400;
  10272 : 940E;
  10273 : 2833;
  10274 : FD57;
  10275 : D007;
  10276 : 940E;
  10277 : 27FA;
  10278 : FC07;
  10279 : D003;
  10280 : F44E;
  10281 : 940C;
  10282 : 2833;
  10283 : 9550;
  10284 : 9540;
  10285 : 9530;
  10286 : 9521;
  10287 : 4F3F;
  10288 : 4F4F;
  10289 : 4F5F;
  10290 : 9508;
  10291 : 9590;
  10292 : 9580;
  10293 : 9570;
  10294 : 9561;
  10295 : 4F7F;
  10296 : 4F8F;
  10297 : 4F9F;
  10298 : 9508;
  10299 : 0FEE;
  10300 : 1FFF;
  10301 : 2400;
  10302 : 1C00;
  10303 : BE0B;
  10304 : 9007;
  10305 : 91F6;
  10306 : 2DE0;
  10307 : 9409;
  10308 : 940E;
  10309 : 27C3;
  10310 : FFB7;
  10311 : 9508;
  10312 : 1B82;
  10313 : 0B93;
  10314 : 9508;
  10315 : 5850;
  10316 : 27BB;
  10317 : 27AA;
  10318 : 940E;
  10319 : 2863;
  10320 : 940C;
  10321 : 29DD;
  10322 : 940E;
  10323 : 29CF;
  10324 : F038;
  10325 : 940E;
  10326 : 29D6;
  10327 : F020;
  10328 : F439;
  10329 : 3F9F;
  10330 : F419;
  10331 : F426;
  10332 : 940C;
  10333 : 29CC;
  10334 : F40E;
  10335 : 95E0;
  10336 : FBE7;
  10337 : 940C;
  10338 : 29C6;
  10339 : 2FE9;
  10340 : 940E;
  10341 : 29EE;
  10342 : F358;
  10343 : 17BA;
  10344 : 0762;
  10345 : 0773;
  10346 : 0784;
  10347 : 0795;
  10348 : F020;
  10349 : F479;
  10350 : F5A6;
  10351 : 940C;
  10352 : 2A10;
  10353 : F40E;
  10354 : 95E0;
  10355 : 2E0B;
  10356 : 2FBA;
  10357 : 2DA0;
  10358 : 010B;
  10359 : 01B9;
  10360 : 0190;
  10361 : 010C;
  10362 : 01CA;
  10363 : 01A0;
  10364 : 2411;
  10365 : 27FF;
  10366 : 1B59;
  10367 : F099;
  10368 : 3F59;
  10369 : F450;
  10370 : 3E50;
  10371 : F168;
  10372 : 161A;
  10373 : 40F0;
  10374 : 2FA2;
  10375 : 2F23;
  10376 : 2F34;
  10377 : 2744;
  10378 : 5F58;
  10379 : CFF3;
  10380 : 9546;
  10381 : 9537;
  10382 : 9527;
  10383 : 95A7;
  10384 : 40F0;
  10385 : 9553;
  10386 : F7C9;
  10387 : F47E;
  10388 : 161F;
  10389 : 0BBA;
  10390 : 0B62;
  10391 : 0B73;
  10392 : 0B84;
  10393 : F0BA;
  10394 : 5091;
  10395 : F0A1;
  10396 : 0FFF;
  10397 : 1FBB;
  10398 : 1F66;
  10399 : 1F77;
  10400 : 1F88;
  10401 : F7C2;
  10402 : C00E;
  10403 : 0FBA;
  10404 : 1F62;
  10405 : 1F73;
  10406 : 1F84;
  10407 : F448;
  10408 : 9587;
  10409 : 9577;
  10410 : 9567;
  10411 : 95B7;
  10412 : 95F7;
  10413 : 3F9E;
  10414 : F008;
  10415 : CFB0;
  10416 : 9593;
  10417 : 0F88;
  10418 : F008;
  10419 : 2799;
  10420 : 0FEE;
  10421 : 9597;
  10422 : 9587;
  10423 : 9508;
  10424 : 940E;
  10425 : 29A2;
  10426 : F408;
  10427 : E081;
  10428 : 9508;
  10429 : 940E;
  10430 : 28D1;
  10431 : 940C;
  10432 : 29DD;
  10433 : 940E;
  10434 : 29D6;
  10435 : F058;
  10436 : 940E;
  10437 : 29CF;
  10438 : F040;
  10439 : F429;
  10440 : 3F5F;
  10441 : F029;
  10442 : 940C;
  10443 : 29C6;
  10444 : 1151;
  10445 : 940C;
  10446 : 2A11;
  10447 : 940C;
  10448 : 29CC;
  10449 : 940E;
  10450 : 29EE;
  10451 : F368;
  10452 : 2399;
  10453 : F3B1;
  10454 : 2355;
  10455 : F391;
  10456 : 1B95;
  10457 : 0B55;
  10458 : 27BB;
  10459 : 27AA;
  10460 : 1762;
  10461 : 0773;
  10462 : 0784;
  10463 : F038;
  10464 : 5F9F;
  10465 : 4F5F;
  10466 : 0F22;
  10467 : 1F33;
  10468 : 1F44;
  10469 : 1FAA;
  10470 : F3A9;
  10471 : D035;
  10472 : 2E0E;
  10473 : F03A;
  10474 : E8E0;
  10475 : D032;
  10476 : 5091;
  10477 : 4050;
  10478 : 95E6;
  10479 : 1C00;
  10480 : F7CA;
  10481 : D02B;
  10482 : 2FFE;
  10483 : D029;
  10484 : 0F66;
  10485 : 1F77;
  10486 : 1F88;
  10487 : 1FBB;
  10488 : 1726;
  10489 : 0737;
  10490 : 0748;
  10491 : 07AB;
  10492 : E8B0;
  10493 : F009;
  10494 : 0BBB;
  10495 : 2D80;
  10496 : 01BF;
  10497 : 27FF;
  10498 : 5893;
  10499 : 4F5F;
  10500 : F03A;
  10501 : 3F9E;
  10502 : 0551;
  10503 : F078;
  10504 : 940C;
  10505 : 29C6;
  10506 : 940C;
  10507 : 2A11;
  10508 : 3F5F;
  10509 : F3E4;
  10510 : 3E98;
  10511 : F3D4;
  10512 : 9586;
  10513 : 9577;
  10514 : 9567;
  10515 : 95B7;
  10516 : 95F7;
  10517 : 5F9F;
  10518 : F7C9;
  10519 : 0F88;
  10520 : 1D91;
  10521 : 9596;
  10522 : 9587;
  10523 : F997;
  10524 : 9508;
  10525 : E0E1;
  10526 : 0F66;
  10527 : 1F77;
  10528 : 1F88;
  10529 : 1FBB;
  10530 : 1762;
  10531 : 0773;
  10532 : 0784;
  10533 : 07BA;
  10534 : F020;
  10535 : 1B62;
  10536 : 0B73;
  10537 : 0B84;
  10538 : 0BBA;
  10539 : 1FEE;
  10540 : F788;
  10541 : 95E0;
  10542 : 9508;
  10543 : 940E;
  10544 : 2936;
  10545 : 9468;
  10546 : 11B1;
  10547 : 940C;
  10548 : 2A11;
  10549 : 9508;
  10550 : 940E;
  10551 : 29F6;
  10552 : F088;
  10553 : 579F;
  10554 : F098;
  10555 : 2FB9;
  10556 : 2799;
  10557 : 51B7;
  10558 : F0B0;
  10559 : F0E1;
  10560 : 0F66;
  10561 : 1F77;
  10562 : 1F88;
  10563 : 1F99;
  10564 : F01A;
  10565 : 95BA;
  10566 : F7C9;
  10567 : C014;
  10568 : 30B1;
  10569 : F091;
  10570 : 940E;
  10571 : 2A10;
  10572 : E0B1;
  10573 : 9508;
  10574 : 940C;
  10575 : 2A10;
  10576 : 2F67;
  10577 : 2F78;
  10578 : 2788;
  10579 : 5FB8;
  10580 : F039;
  10581 : 3FB9;
  10582 : F3CC;
  10583 : 9586;
  10584 : 9577;
  10585 : 9567;
  10586 : 95B3;
  10587 : F7D9;
  10588 : F43E;
  10589 : 9590;
  10590 : 9580;
  10591 : 9570;
  10592 : 9561;
  10593 : 4F7F;
  10594 : 4F8F;
  10595 : 4F9F;
  10596 : 9508;
  10597 : 94E8;
  10598 : C009;
  10599 : FB97;
  10600 : F43E;
  10601 : 9590;
  10602 : 9580;
  10603 : 9570;
  10604 : 9561;
  10605 : 4F7F;
  10606 : 4F8F;
  10607 : 4F9F;
  10608 : 2399;
  10609 : F0A9;
  10610 : 2FF9;
  10611 : E996;
  10612 : 27BB;
  10613 : 9593;
  10614 : 95F6;
  10615 : 9587;
  10616 : 9577;
  10617 : 9567;
  10618 : 95B7;
  10619 : 11F1;
  10620 : CFF8;
  10621 : F4FA;
  10622 : 0FBB;
  10623 : F411;
  10624 : FF60;
  10625 : C01B;
  10626 : 5F6F;
  10627 : 4F7F;
  10628 : 4F8F;
  10629 : 4F9F;
  10630 : C016;
  10631 : 2388;
  10632 : F011;
  10633 : E996;
  10634 : C011;
  10635 : 2377;
  10636 : F021;
  10637 : E89E;
  10638 : 2F87;
  10639 : 2F76;
  10640 : C005;
  10641 : 2366;
  10642 : F071;
  10643 : E896;
  10644 : 2F86;
  10645 : E070;
  10646 : E060;
  10647 : F02A;
  10648 : 959A;
  10649 : 0F66;
  10650 : 1F77;
  10651 : 1F88;
  10652 : F7DA;
  10653 : 0F88;
  10654 : 9596;
  10655 : 9587;
  10656 : F997;
  10657 : 9508;
  10658 : 0F99;
  10659 : 0800;
  10660 : 0F55;
  10661 : 0BAA;
  10662 : E8E0;
  10663 : EFFE;
  10664 : 1616;
  10665 : 0617;
  10666 : 07E8;
  10667 : 07F9;
  10668 : F0C0;
  10669 : 1612;
  10670 : 0613;
  10671 : 07E4;
  10672 : 07F5;
  10673 : F098;
  10674 : 1B62;
  10675 : 0B73;
  10676 : 0B84;
  10677 : 0B95;
  10678 : F439;
  10679 : 260A;
  10680 : F061;
  10681 : 2B23;
  10682 : 2B24;
  10683 : 2B25;
  10684 : F421;
  10685 : 9508;
  10686 : 260A;
  10687 : F409;
  10688 : 40A1;
  10689 : 95A6;
  10690 : EF8F;
  10691 : 1D81;
  10692 : 1D81;
  10693 : 9508;
  10694 : F997;
  10695 : 679F;
  10696 : E880;
  10697 : E070;
  10698 : E060;
  10699 : 9508;
  10700 : EF9F;
  10701 : EC80;
  10702 : 9508;
  10703 : 2400;
  10704 : 940A;
  10705 : 1616;
  10706 : 0617;
  10707 : 0618;
  10708 : 0609;
  10709 : 9508;
  10710 : 2400;
  10711 : 940A;
  10712 : 1612;
  10713 : 0613;
  10714 : 0614;
  10715 : 0605;
  10716 : 9508;
  10717 : 2E09;
  10718 : 9403;
  10719 : 0C00;
  10720 : F411;
  10721 : 2388;
  10722 : F052;
  10723 : 0FBB;
  10724 : F440;
  10725 : 2BBF;
  10726 : F411;
  10727 : FF60;
  10728 : C004;
  10729 : 5F6F;
  10730 : 4F7F;
  10731 : 4F8F;
  10732 : 4F9F;
  10733 : 9508;
  10734 : FD57;
  10735 : 5890;
  10736 : 0F44;
  10737 : 1F55;
  10738 : F059;
  10739 : 3F5F;
  10740 : F071;
  10741 : 9547;
  10742 : 0F88;
  10743 : FB97;
  10744 : 1F99;
  10745 : F061;
  10746 : 3F9F;
  10747 : F079;
  10748 : 9587;
  10749 : 9508;
  10750 : 1612;
  10751 : 0613;
  10752 : 0614;
  10753 : 1F55;
  10754 : CFF2;
  10755 : 9546;
  10756 : DFF1;
  10757 : C008;
  10758 : 1616;
  10759 : 0617;
  10760 : 0618;
  10761 : 1F99;
  10762 : CFF1;
  10763 : 9586;
  10764 : 0571;
  10765 : 0561;
  10766 : 9408;
  10767 : 9508;
  10768 : 94E8;
  10769 : 27BB;
  10770 : 2766;
  10771 : 2777;
  10772 : 01CB;
  10773 : F997;
  10774 : 9508;
  10775 : 940E;
  10776 : 29A2;
  10777 : F408;
  10778 : EF8F;
  10779 : 9508;
  10780 : 940E;
  10781 : 2A2F;
  10782 : 940C;
  10783 : 29DD;
  10784 : 940E;
  10785 : 29CF;
  10786 : F038;
  10787 : 940E;
  10788 : 29D6;
  10789 : F020;
  10790 : 2395;
  10791 : F011;
  10792 : 940C;
  10793 : 29C6;
  10794 : 940C;
  10795 : 29CC;
  10796 : 2411;
  10797 : 940C;
  10798 : 2A11;
  10799 : 940E;
  10800 : 29EE;
  10801 : F370;
  10802 : 9F95;
  10803 : F3C1;
  10804 : 0F95;
  10805 : E050;
  10806 : 1F55;
  10807 : 9F62;
  10808 : 01F0;
  10809 : 9F72;
  10810 : 27BB;
  10811 : 0DF0;
  10812 : 1DB1;
  10813 : 9F63;
  10814 : 27AA;
  10815 : 0DF0;
  10816 : 1DB1;
  10817 : 1FAA;
  10818 : 9F64;
  10819 : 2766;
  10820 : 0DB0;
  10821 : 1DA1;
  10822 : 1F66;
  10823 : 9F82;
  10824 : 2722;
  10825 : 0DB0;
  10826 : 1DA1;
  10827 : 1F62;
  10828 : 9F73;
  10829 : 0DB0;
  10830 : 1DA1;
  10831 : 1F62;
  10832 : 9F83;
  10833 : 0DA0;
  10834 : 1D61;
  10835 : 1F22;
  10836 : 9F74;
  10837 : 2733;
  10838 : 0DA0;
  10839 : 1D61;
  10840 : 1F23;
  10841 : 9F84;
  10842 : 0D60;
  10843 : 1D21;
  10844 : 2F82;
  10845 : 2F76;
  10846 : 2F6A;
  10847 : 2411;
  10848 : 579F;
  10849 : 4050;
  10850 : F09A;
  10851 : F0F1;
  10852 : 2388;
  10853 : F04A;
  10854 : 0FEE;
  10855 : 1FFF;
  10856 : 1FBB;
  10857 : 1F66;
  10858 : 1F77;
  10859 : 1F88;
  10860 : 5091;
  10861 : 4050;
  10862 : F7A9;
  10863 : 3F9E;
  10864 : 0551;
  10865 : F080;
  10866 : 940C;
  10867 : 29C6;
  10868 : 940C;
  10869 : 2A11;
  10870 : 3F5F;
  10871 : F3E4;
  10872 : 3E98;
  10873 : F3D4;
  10874 : 9586;
  10875 : 9577;
  10876 : 9567;
  10877 : 95B7;
  10878 : 95F7;
  10879 : 95E7;
  10880 : 5F9F;
  10881 : F7C1;
  10882 : 2BFE;
  10883 : 0F88;
  10884 : 1D91;
  10885 : 9596;
  10886 : 9587;
  10887 : F997;
  10888 : 9508;
  10889 : F419;
  10890 : F416;
  10891 : 940C;
  10892 : 29CC;
  10893 : 940C;
  10894 : 2ACF;
  10895 : 940E;
  10896 : 29F6;
  10897 : F3B8;
  10898 : 2399;
  10899 : F3C9;
  10900 : F3B6;
  10901 : 579F;
  10902 : 0B55;
  10903 : FF87;
  10904 : 940E;
  10905 : 2ADD;
  10906 : 2400;
  10907 : E6A0;
  10908 : EA40;
  10909 : 0190;
  10910 : 5880;
  10911 : 9556;
  10912 : 9597;
  10913 : F428;
  10914 : 5C80;
  10915 : 0F66;
  10916 : 1F77;
  10917 : 1F88;
  10918 : F020;
  10919 : 1726;
  10920 : 0737;
  10921 : 0748;
  10922 : F430;
  10923 : 1B62;
  10924 : 0B73;
  10925 : 0B84;
  10926 : 2920;
  10927 : 2931;
  10928 : 2B4A;
  10929 : 95A6;
  10930 : 9417;
  10931 : 9407;
  10932 : 2520;
  10933 : 2531;
  10934 : 274A;
  10935 : F758;
  10936 : 0F66;
  10937 : 1F77;
  10938 : 1F88;
  10939 : F020;
  10940 : 1726;
  10941 : 0737;
  10942 : 0748;
  10943 : F430;
  10944 : 0B62;
  10945 : 0B73;
  10946 : 0B84;
  10947 : 0D20;
  10948 : 1D31;
  10949 : 1D41;
  10950 : 95A0;
  10951 : F781;
  10952 : 01B9;
  10953 : 2F84;
  10954 : 5891;
  10955 : 0F88;
  10956 : 9596;
  10957 : 9587;
  10958 : 9508;
  10959 : 3F9F;
  10960 : F031;
  10961 : 5091;
  10962 : F420;
  10963 : 9587;
  10964 : 9577;
  10965 : 9567;
  10966 : 95B7;
  10967 : 0F88;
  10968 : 1D91;
  10969 : 9596;
  10970 : 9587;
  10971 : F997;
  10972 : 9508;
  10973 : 5091;
  10974 : 4050;
  10975 : 0F66;
  10976 : 1F77;
  10977 : 1F88;
  10978 : F7D2;
  10979 : 9508;
  10980 : 93CF;
  10981 : 93DF;
  10982 : B7CD;
  10983 : B7DE;
  10984 : 972E;
  10985 : B60F;
  10986 : 94F8;
  10987 : BFDE;
  10988 : BE0F;
  10989 : BFCD;
  10990 : E086;
  10991 : 838C;
  10992 : 892B;
  10993 : 893C;
  10994 : 8329;
  10995 : 833A;
  10996 : EF8F;
  10997 : E79F;
  10998 : 838D;
  10999 : 839E;
  11000 : 01AE;
  11001 : 5E49;
  11002 : 4F5F;
  11003 : 896D;
  11004 : 897E;
  11005 : 01CE;
  11006 : 9601;
  11007 : 940E;
  11008 : 2B11;
  11009 : 81EF;
  11010 : 85F8;
  11011 : 892B;
  11012 : 893C;
  11013 : 0FE2;
  11014 : 1FF3;
  11015 : 8210;
  11016 : 962E;
  11017 : B60F;
  11018 : 94F8;
  11019 : BFDE;
  11020 : BE0F;
  11021 : BFCD;
  11022 : 91DF;
  11023 : 91CF;
  11024 : 9508;
  11025 : 925F;
  11026 : 926F;
  11027 : 927F;
  11028 : 928F;
  11029 : 929F;
  11030 : 92AF;
  11031 : 92BF;
  11032 : 92CF;
  11033 : 92DF;
  11034 : 92EF;
  11035 : 92FF;
  11036 : 930F;
  11037 : 931F;
  11038 : 93CF;
  11039 : 93DF;
  11040 : B7CD;
  11041 : B7DE;
  11042 : 972B;
  11043 : B60F;
  11044 : 94F8;
  11045 : BFDE;
  11046 : BE0F;
  11047 : BFCD;
  11048 : 016C;
  11049 : 017B;
  11050 : 018A;
  11051 : 01FC;
  11052 : 8216;
  11053 : 8217;
  11054 : 8183;
  11055 : FF81;
  11056 : C1F1;
  11057 : E03A;
  11058 : 2E53;
  11059 : 01F6;
  11060 : 8123;
  11061 : 01F7;
  11062 : FD23;
  11063 : 9185;
  11064 : FF23;
  11065 : 9181;
  11066 : 017F;
  11067 : 1581;
  11068 : F409;
  11069 : C137;
  11070 : 3285;
  11071 : F439;
  11072 : FD23;
  11073 : 9195;
  11074 : FF23;
  11075 : 9191;
  11076 : 017F;
  11077 : 3295;
  11078 : F429;
  11079 : 01B6;
  11080 : E090;
  11081 : 940E;
  11082 : 2D3B;
  11083 : CFE7;
  11084 : E030;
  11085 : 2C91;
  11086 : 2C61;
  11087 : 2C71;
  11088 : E2F0;
  11089 : 167F;
  11090 : F540;
  11091 : 329B;
  11092 : F0D9;
  11093 : F458;
  11094 : 3290;
  11095 : F0D1;
  11096 : 3293;
  11097 : F0F1;
  11098 : 329E;
  11099 : F591;
  11100 : FC76;
  11101 : C117;
  11102 : 9468;
  11103 : F876;
  11104 : C006;
  11105 : 329D;
  11106 : F091;
  11107 : 3390;
  11108 : F4C1;
  11109 : 9468;
  11110 : F870;
  11111 : 01F7;
  11112 : FD23;
  11113 : 9195;
  11114 : FF23;
  11115 : 9191;
  11116 : 017F;
  11117 : 1191;
  11118 : CFE1;
  11119 : C028;
  11120 : 9468;
  11121 : F871;
  11122 : 9468;
  11123 : F872;
  11124 : CFF2;
  11125 : 9468;
  11126 : F873;
  11127 : CFEF;
  11128 : 9468;
  11129 : F874;
  11130 : CFEC;
  11131 : FC77;
  11132 : C01B;
  11133 : ED80;
  11134 : 0F89;
  11135 : 308A;
  11136 : F6C8;
  11137 : FE76;
  11138 : C005;
  11139 : 9C95;
  11140 : 0D80;
  11141 : 2411;
  11142 : 2E98;
  11143 : CFDF;
  11144 : 9C65;
  11145 : 0D80;
  11146 : 2411;
  11147 : 2E68;
  11148 : 2A7F;
  11149 : CFD9;
  11150 : 369C;
  11151 : F419;
  11152 : 9468;
  11153 : F877;
  11154 : CFD4;
  11155 : 349C;
  11156 : F409;
  11157 : C045;
  11158 : 3698;
  11159 : F279;
  11160 : 2F89;
  11161 : 7D8F;
  11162 : 5485;
  11163 : 3083;
  11164 : F408;
  11165 : C03F;
  11166 : 3693;
  11167 : F409;
  11168 : C061;
  11169 : 3793;
  11170 : F409;
  11171 : C06B;
  11172 : 3593;
  11173 : F409;
  11174 : C077;
  11175 : 3694;
  11176 : F019;
  11177 : 3699;
  11178 : F009;
  11179 : C0A4;
  11180 : 01F8;
  11181 : FE77;
  11182 : C09A;
  11183 : 9161;
  11184 : 9171;
  11185 : 9181;
  11186 : 9191;
  11187 : 018F;
  11188 : 2D27;
  11189 : 762F;
  11190 : 2E82;
  11191 : FF97;
  11192 : C004;
  11193 : 940E;
  11194 : 2833;
  11195 : 9468;
  11196 : F887;
  11197 : E02A;
  11198 : E030;
  11199 : 015E;
  11200 : EF4F;
  11201 : 1AA4;
  11202 : 0AB4;
  11203 : 01A5;
  11204 : 940E;
  11205 : 2D6B;
  11206 : 2E78;
  11207 : 187A;
  11208 : FE86;
  11209 : C0E1;
  11210 : 2D88;
  11211 : 7F8E;
  11212 : 1479;
  11213 : F008;
  11214 : C0DB;
  11215 : FE84;
  11216 : C12F;
  11217 : FC82;
  11218 : C123;
  11219 : EE2E;
  11220 : 2282;
  11221 : 2CB9;
  11222 : 2D88;
  11223 : 7886;
  11224 : F409;
  11225 : C0DD;
  11226 : C120;
  11227 : E031;
  11228 : CF8A;
  11229 : 1531;
  11230 : F101;
  11231 : 5F08;
  11232 : 4F1F;
  11233 : E38F;
  11234 : 8389;
  11235 : E021;
  11236 : 2E82;
  11237 : 2C91;
  11238 : 015E;
  11239 : EF2F;
  11240 : 1AA2;
  11241 : 0AB2;
  11242 : 94E8;
  11243 : F877;
  11244 : FC73;
  11245 : C003;
  11246 : 1486;
  11247 : 0491;
  11248 : F1F0;
  11249 : 1481;
  11250 : 0491;
  11251 : F009;
  11252 : C041;
  11253 : 1461;
  11254 : F409;
  11255 : CF3B;
  11256 : 01B6;
  11257 : E280;
  11258 : E090;
  11259 : 940E;
  11260 : 2D3B;
  11261 : 946A;
  11262 : CFF6;
  11263 : 5F0C;
  11264 : 4F1F;
  11265 : CFDF;
  11266 : 01F8;
  11267 : 8180;
  11268 : 8389;
  11269 : 5F0E;
  11270 : 4F1F;
  11271 : E091;
  11272 : 2E89;
  11273 : 2C91;
  11274 : 015E;
  11275 : EFFF;
  11276 : 1AAF;
  11277 : 0ABF;
  11278 : CFDB;
  11279 : 01F8;
  11280 : 90A1;
  11281 : 90B1;
  11282 : 018F;
  11283 : 2D69;
  11284 : E070;
  11285 : FC76;
  11286 : C002;
  11287 : EF6F;
  11288 : EF7F;
  11289 : 01C5;
  11290 : 940E;
  11291 : 2D30;
  11292 : 014C;
  11293 : CFCC;
  11294 : 01F8;
  11295 : 90A1;
  11296 : 90B1;
  11297 : 018F;
  11298 : 2D69;
  11299 : E070;
  11300 : FC76;
  11301 : C002;
  11302 : EF6F;
  11303 : EF7F;
  11304 : 01C5;
  11305 : 940E;
  11306 : 2D25;
  11307 : 014C;
  11308 : 9468;
  11309 : F877;
  11310 : CFBD;
  11311 : 01B6;
  11312 : E280;
  11313 : E090;
  11314 : 940E;
  11315 : 2D3B;
  11316 : 946A;
  11317 : CFB8;
  11318 : 01F5;
  11319 : FC77;
  11320 : 9185;
  11321 : FE77;
  11322 : 9181;
  11323 : 015F;
  11324 : 01B6;
  11325 : E090;
  11326 : 940E;
  11327 : 2D3B;
  11328 : E081;
  11329 : 1061;
  11330 : C001;
  11331 : E080;
  11332 : 1A68;
  11333 : E0F1;
  11334 : 1A8F;
  11335 : 0891;
  11336 : CFA8;
  11337 : 9161;
  11338 : 9171;
  11339 : 2F87;
  11340 : 0F88;
  11341 : 0B88;
  11342 : 2F98;
  11343 : CF63;
  11344 : 3795;
  11345 : F4C9;
  11346 : 2C87;
  11347 : 94E8;
  11348 : F884;
  11349 : E02A;
  11350 : E030;
  11351 : 01F8;
  11352 : FE87;
  11353 : C04B;
  11354 : 9161;
  11355 : 9171;
  11356 : 9181;
  11357 : 9191;
  11358 : 018F;
  11359 : 015E;
  11360 : EFFF;
  11361 : 1AAF;
  11362 : 0ABF;
  11363 : 01A5;
  11364 : 940E;
  11365 : 2D6B;
  11366 : 2E78;
  11367 : 187A;
  11368 : 94E8;
  11369 : F887;
  11370 : CF5D;
  11371 : 2D87;
  11372 : 7F89;
  11373 : 2E88;
  11374 : 3790;
  11375 : F129;
  11376 : F4E8;
  11377 : 3598;
  11378 : F139;
  11379 : 369F;
  11380 : F169;
  11381 : 01F6;
  11382 : 8186;
  11383 : 8197;
  11384 : 962B;
  11385 : B60F;
  11386 : 94F8;
  11387 : BFDE;
  11388 : BE0F;
  11389 : BFCD;
  11390 : 91DF;
  11391 : 91CF;
  11392 : 911F;
  11393 : 910F;
  11394 : 90FF;
  11395 : 90EF;
  11396 : 90DF;
  11397 : 90CF;
  11398 : 90BF;
  11399 : 90AF;
  11400 : 909F;
  11401 : 908F;
  11402 : 907F;
  11403 : 906F;
  11404 : 905F;
  11405 : 9508;
  11406 : 3798;
  11407 : F729;
  11408 : FC74;
  11409 : C005;
  11410 : E120;
  11411 : E030;
  11412 : CFC2;
  11413 : 9468;
  11414 : F884;
  11415 : 9468;
  11416 : F882;
  11417 : CFF8;
  11418 : FE74;
  11419 : C003;
  11420 : 2DE7;
  11421 : 60E6;
  11422 : 2E8E;
  11423 : E120;
  11424 : E032;
  11425 : CFB5;
  11426 : E028;
  11427 : E030;
  11428 : CFB2;
  11429 : 9161;
  11430 : 9171;
  11431 : E080;
  11432 : E090;
  11433 : CFB4;
  11434 : 2E88;
  11435 : 2CB7;
  11436 : FE84;
  11437 : CF28;
  11438 : 01FE;
  11439 : 0DE7;
  11440 : 1DF1;
  11441 : 8180;
  11442 : 3380;
  11443 : F009;
  11444 : C044;
  11445 : EE49;
  11446 : 2284;
  11447 : FC83;
  11448 : C00E;
  11449 : FE80;
  11450 : C051;
  11451 : 2C97;
  11452 : 14B6;
  11453 : F418;
  11454 : 0C96;
  11455 : 189B;
  11456 : 2CB6;
  11457 : 2D86;
  11458 : 198B;
  11459 : 146B;
  11460 : F408;
  11461 : E080;
  11462 : 0EB8;
  11463 : 14B6;
  11464 : F008;
  11465 : C044;
  11466 : 186B;
  11467 : FE84;
  11468 : C043;
  11469 : 01B6;
  11470 : E380;
  11471 : E090;
  11472 : 940E;
  11473 : 2D3B;
  11474 : FE82;
  11475 : C009;
  11476 : E588;
  11477 : E090;
  11478 : FC81;
  11479 : C002;
  11480 : E788;
  11481 : E090;
  11482 : 01B6;
  11483 : 940E;
  11484 : 2D3B;
  11485 : 1479;
  11486 : F1E0;
  11487 : 015E;
  11488 : EF8F;
  11489 : 1AA8;
  11490 : 0AB8;
  11491 : 947A;
  11492 : E082;
  11493 : 2E88;
  11494 : 2C91;
  11495 : 0E8C;
  11496 : 1E9D;
  11497 : 0C87;
  11498 : 1C91;
  11499 : 01F4;
  11500 : 9182;
  11501 : 014F;
  11502 : 01B6;
  11503 : E090;
  11504 : 940E;
  11505 : 2D3B;
  11506 : 148A;
  11507 : 049B;
  11508 : F7B1;
  11509 : CEFF;
  11510 : 2CB9;
  11511 : 2E88;
  11512 : CFB5;
  11513 : FC82;
  11514 : C002;
  11515 : 94B3;
  11516 : CFBA;
  11517 : 94B3;
  11518 : 94B3;
  11519 : CFB7;
  11520 : 2CB9;
  11521 : 2E88;
  11522 : CED3;
  11523 : 01B6;
  11524 : E280;
  11525 : E090;
  11526 : 940E;
  11527 : 2D3B;
  11528 : 94A3;
  11529 : 14A6;
  11530 : F3C0;
  11531 : CFB5;
  11532 : 2CAB;
  11533 : CFFB;
  11534 : 2C61;
  11535 : CFBB;
  11536 : 2D88;
  11537 : 7886;
  11538 : F251;
  11539 : E280;
  11540 : FC81;
  11541 : E28B;
  11542 : FC87;
  11543 : E28D;
  11544 : 01B6;
  11545 : E090;
  11546 : CFC0;
  11547 : 01B6;
  11548 : E380;
  11549 : E090;
  11550 : 940E;
  11551 : 2D3B;
  11552 : 949A;
  11553 : CFBB;
  11554 : EF8F;
  11555 : EF9F;
  11556 : CF53;
  11557 : 01FC;
  11558 : 9005;
  11559 : 5061;
  11560 : 4070;
  11561 : 1001;
  11562 : F7D8;
  11563 : 9580;
  11564 : 9590;
  11565 : 0F8E;
  11566 : 1F9F;
  11567 : 9508;
  11568 : 01FC;
  11569 : 5061;
  11570 : 4070;
  11571 : 9001;
  11572 : 1001;
  11573 : F7D8;
  11574 : 9580;
  11575 : 9590;
  11576 : 0F8E;
  11577 : 1F9F;
  11578 : 9508;
  11579 : 930F;
  11580 : 931F;
  11581 : 93CF;
  11582 : 93DF;
  11583 : 2F18;
  11584 : 2F09;
  11585 : 01EB;
  11586 : 818B;
  11587 : FD81;
  11588 : C009;
  11589 : EF0F;
  11590 : EF1F;
  11591 : 2F81;
  11592 : 2F90;
  11593 : 91DF;
  11594 : 91CF;
  11595 : 911F;
  11596 : 910F;
  11597 : 9508;
  11598 : FF82;
  11599 : C014;
  11600 : 812E;
  11601 : 813F;
  11602 : 818C;
  11603 : 819D;
  11604 : 1728;
  11605 : 0739;
  11606 : F43C;
  11607 : 81E8;
  11608 : 81F9;
  11609 : 01CF;
  11610 : 9601;
  11611 : 8388;
  11612 : 8399;
  11613 : 8310;
  11614 : 818E;
  11615 : 819F;
  11616 : 9601;
  11617 : 838E;
  11618 : 839F;
  11619 : CFE3;
  11620 : 85E8;
  11621 : 85F9;
  11622 : 2F81;
  11623 : 9509;
  11624 : 2B89;
  11625 : F3A1;
  11626 : CFDA;
  11627 : 01FA;
  11628 : 27AA;
  11629 : 3028;
  11630 : F151;
  11631 : 3120;
  11632 : F181;
  11633 : 94E8;
  11634 : 936F;
  11635 : 7F6E;
  11636 : 5F6E;
  11637 : 4F7F;
  11638 : 4F8F;
  11639 : 4F9F;
  11640 : 4FAF;
  11641 : E0B1;
  11642 : D03E;
  11643 : E0B4;
  11644 : D03C;
  11645 : 0F67;
  11646 : 1F78;
  11647 : 1F89;
  11648 : 1F9A;
  11649 : 1DA1;
  11650 : 0F68;
  11651 : 1F79;
  11652 : 1F8A;
  11653 : 1D91;
  11654 : 1DA1;
  11655 : 0F6A;
  11656 : 1D71;
  11657 : 1D81;
  11658 : 1D91;
  11659 : 1DA1;
  11660 : D020;
  11661 : F409;
  11662 : 9468;
  11663 : 913F;
  11664 : E02A;
  11665 : 9F26;
  11666 : 2411;
  11667 : 1930;
  11668 : 5D30;
  11669 : 9331;
  11670 : F6DE;
  11671 : 01CF;
  11672 : 9508;
  11673 : 2F46;
  11674 : 7047;
  11675 : 5D40;
  11676 : 9341;
  11677 : E0B3;
  11678 : D00F;
  11679 : F7C9;
  11680 : CFF6;
  11681 : 2F46;
  11682 : 704F;
  11683 : 5D40;
  11684 : 334A;
  11685 : F018;
  11686 : 5D49;
  11687 : FD31;
  11688 : 5240;
  11689 : 9341;
  11690 : D002;
  11691 : F7A9;
  11692 : CFEA;
  11693 : E0B4;
  11694 : 95A6;
  11695 : 9597;
  11696 : 9587;
  11697 : 9577;
  11698 : 9567;
  11699 : 95BA;
  11700 : F7C9;
  11701 : 9700;
  11702 : 0561;
  11703 : 0571;
  11704 : 9508;
  11705 : 019B;
  11706 : 01AC;
  11707 : 2E0A;
  11708 : 9406;
  11709 : 9557;
  11710 : 9547;
  11711 : 9537;
  11712 : 9527;
  11713 : 95BA;
  11714 : F7C9;
  11715 : 0F62;
  11716 : 1F73;
  11717 : 1F84;
  11718 : 1F95;
  11719 : 1DA0;
  11720 : 9508;
  11721 : 94F8;
  11722 : CFFF;
  11723 : 2372;
  11724 : 238B;
  11725 : 23A1;
  11726 : 23B7;
  11727 : 23CD;
  11728 : 23E3;
  11729 : 23F9;
  11730 : 2643;
  11731 : 2579;
  11732 : 2579;
  11733 : 2579;
  11734 : 2579;
  11735 : 2579;
  11736 : 262D;
  11737 : 260C;
  11738 : 2579;
  11739 : 2579;
  11740 : 263D;
  11741 : 2579;
  11742 : 2645;
  11743 : 2649;
  11744 : 264B;
  11745 : 2651;
  11746 : 2655;
  11747 : 2669;
  11748 : 2579;
  11749 : 2571;
  11750 : E001;
  11751 : 4001;
  11752 : FF01;
  11753 : 6EFF;
  11754 : 7203;
  11755 : 7603;
  11756 : 7A03;
  11757 : 7F03;
  11758 : 8403;
  11759 : 8903;
  11760 : 8F03;
  11761 : 9503;
  11762 : 9B03;
  11763 : 9F03;
  11764 : A303;
  11765 : A703;
  11766 : AC03;
  11767 : B103;
  11768 : B603;
  11769 : BC03;
  11770 : C203;
  11771 : C803;
  11772 : FF03;
  11773 : FFFF;
  11774 : FFFF;
  11775 : FFFF;
  11776 : 03CB;
  11777 : 03D0;
  11778 : 03D5;
  11779 : 03DA;
  11780 : 03E0;
  11781 : 03E6;
  11782 : 03EC;
  11783 : 03EF;
  11784 : 03F2;
  11785 : 03F5;
  11786 : FF01;
  11787 : 4007;
  11788 : 6017;
  11789 : 9C1A;
  11790 : 01FF;
  11791 : 0102;
  11792 : 0101;
  11793 : 0120;
  11794 : FFFF;
  11795 : FFFF;
  11796 : FFFF;
  11797 : 0AFF;
  11798 : 3000;
  11799 : 1A60;
  11800 : 1740;
  11801 : 1420;
  11802 : 1100;
  11803 : 02B2;
  11804 : 02B5;
  11805 : 02B8;
  11806 : 02BC;
  11807 : 02C3;
  11808 : 02C8;
  11809 : 02CB;
  11810 : 02CF;
  11811 : 02D4;
  11812 : 02D8;
  11813 : 02DD;
  11814 : FFE0;
  11815 : 07E0;
  11816 : 07E0;
  11817 : 0354;
  11818 : 035B;
  11819 : 0362;
  11820 : 0231;
  11821 : 0236;
  11822 : 0369;
  11823 : 02C8;
  11824 : 02CB;
  11825 : 02CF;
  11826 : 02B2;
  11827 : 02B5;
  11828 : 02B8;
  11829 : D70A;
  11830 : 3C23;
  11831 : D70A;
  11832 : 3CA3;
  11833 : CCCD;
  11834 : 3D4C;
  11835 : CCCD;
  11836 : 3DCC;
  11837 : CCCD;
  11838 : 3E4C;
  11839 : 0000;
  11840 : 3F00;
  11841 : 0000;
  11842 : 3F80;
  11843 : 0000;
  11844 : 4000;
  11845 : 0000;
  11846 : 40A0;
  11847 : 0000;
  11848 : 4120;
  11849 : 0A0D;
  11850 : 6F42;
  11851 : 746F;
  11852 : 4120;
  11853 : 5256;
  11854 : 2B20;
  11855 : 5320;
  11856 : 3754;
  11857 : 3937;
  11858 : 5338;
  11859 : 0A0D;
  11860 : 4900;
  11861 : 696E;
  11862 : 697A;
  11863 : 6C61;
  11864 : 7A69;
  11865 : 6F7A;
  11866 : 6420;
  11867 : 7369;
  11868 : 6C70;
  11869 : 7961;
  11870 : 2E2E;
  11871 : 0D2E;
  11872 : 000A;
  11873 : 0030;
  11874 : 002D;
  11875 : 3130;
  11876 : 3332;
  11877 : 3534;
  11878 : 3736;
  11879 : 3938;
  11880 : 4241;
  11881 : 4443;
  11882 : 4645;
  11883 : 4300;
  11884 : 756F;
  11885 : 6C70;
  11886 : 6E69;
  11887 : 0067;
  11888 : 3032;
  11889 : 004D;
  11890 : 5546;
  11891 : 4C4C;
  11892 : 4200;
  11893 : 2057;
  11894 : 694C;
  11895 : 696D;
  11896 : 0074;
  11897 : 3F3F;
  11898 : 2020;
  11899 : 5000;
  11900 : 6F72;
  11901 : 6562;
  11902 : 4300;
  11903 : 2048;
  11904 : 0031;
  11905 : 4843;
  11906 : 3220;
  11907 : 5400;
  11908 : 4952;
  11909 : 4547;
  11910 : 0052;
  11911 : 454D;
  11912 : 5341;
  11913 : 5255;
  11914 : 0045;
  11915 : 4D20;
  11916 : 4E45;
  11917 : 2055;
  11918 : 4F00;
  11919 : 004E;
  11920 : 464F;
  11921 : 0046;
  11922 : 4843;
  11923 : 0031;
  11924 : 4843;
  11925 : 0032;
  11926 : 4952;
  11927 : 4553;
  11928 : 4600;
  11929 : 4C41;
  11930 : 004C;
  11931 : 5541;
  11932 : 4F54;
  11933 : 4E00;
  11934 : 524F;
  11935 : 004D;
  11936 : 5546;
  11937 : 4C4C;
  11938 : 0020;
  11939 : 2F56;
  11940 : 4944;
  11941 : 0056;
  11942 : 6E49;
  11943 : 6576;
  11944 : 7472;
  11945 : 5300;
  11946 : 756F;
  11947 : 6372;
  11948 : 0065;
  11949 : 6C53;
  11950 : 706F;
  11951 : 0065;
  11952 : 6F4D;
  11953 : 6564;
  11954 : 2500;
  11955 : 0075;
  11956 : 7948;
  11957 : 7473;
  11958 : 003A;
  11959 : 7954;
  11960 : 6570;
  11961 : 5300;
  11962 : 6F68;
  11963 : 0077;
  11964 : 7246;
  11965 : 7165;
  11966 : 002E;
  11967 : 4344;
  11968 : 4100;
  11969 : 0043;
  11970 : 4E47;
  11971 : 0044;
  11972 : 4F43;
  11973 : 5241;
  11974 : 4553;
  11975 : 4600;
  11976 : 6E69;
  11977 : 0065;
  11978 : 5831;
  11979 : 3100;
  11980 : 5830;
  11981 : 3100;
  11982 : 3030;
  11983 : 0058;
  11984 : 5056;
  11985 : 0050;
  11986 : 4156;
  11987 : 4756;
  11988 : 5600;
  11989 : 4D52;
  11990 : 0053;
  11991 : 454D;
  11992 : 554E;
  11993 : 4D00;
  11994 : 656A;
  11995 : 4600;
  11996 : 4E49;
  11997 : 0045;
  11998 : 4843;
  11999 : 0020;
  12000 : 2D20;
  12001 : 4620;
  12002 : 6E69;
  12003 : 2065;
  12004 : 6F4D;
  12005 : 6564;
  12006 : 2D20;
  12007 : 5520;
  12008 : 696E;
  12009 : 7374;
  12010 : 203A;
  12011 : 4300;
  12012 : 3148;
  12013 : 203A;
  12014 : 4300;
  12015 : 3248;
  12016 : 203A;
  12017 : 5300;
  12018 : 4F54;
  12019 : 2050;
  12020 : 0020;
  12021 : 7056;
  12022 : 2070;
  12023 : 5600;
  12024 : 7661;
  12025 : 0067;
  12026 : 7256;
  12027 : 736D;
  12028 : 5400;
  12029 : 203A;
  12030 : 2F00;
  12031 : 6964;
  12032 : 0076;
  12033 : 7254;
  12034 : 6769;
  12035 : 203A;
  12036 : 4600;
  12037 : 003A;
  12038 : 484D;
  12039 : 007A;
  12040 : 486B;
  12041 : 007A;
  12042 : 7A48;
  12043 : 0020;
  12044 : 7645;
  12045 : 6E65;
  12046 : 3A74;
  12047 : 0020;
  12048 : 4157;
  12049 : 5449;
  12050 : 2020;
  12051 : 5400;
  12052 : 4952;
  12053 : 2747;
  12054 : 0044;
  12055 : 5552;
  12056 : 204E;
  12057 : 2020;
  12058 : 5400;
  12059 : 4952;
  12060 : 0047;
  12061 : 7531;
  12062 : 0073;
  12063 : 7532;
  12064 : 0073;
  12065 : 7535;
  12066 : 0073;
  12067 : 3031;
  12068 : 7375;
  12069 : 3200;
  12070 : 7530;
  12071 : 0073;
  12072 : 3035;
  12073 : 7375;
  12074 : 3100;
  12075 : 3030;
  12076 : 7375;
  12077 : 3200;
  12078 : 3030;
  12079 : 7375;
  12080 : 3500;
  12081 : 3030;
  12082 : 7375;
  12083 : 3100;
  12084 : 736D;
  12085 : 3200;
  12086 : 736D;
  12087 : 3500;
  12088 : 736D;
  12089 : 3100;
  12090 : 6D30;
  12091 : 0073;
  12092 : 3032;
  12093 : 736D;
  12094 : 3500;
  12095 : 6D30;
  12096 : 0073;
  12097 : 3031;
  12098 : 6D30;
  12099 : 0073;
  12100 : 3032;
  12101 : 6D30;
  12102 : 0073;
  12103 : 3035;
  12104 : 6D30;
  12105 : 0073;
  12106 : 7331;
  12107 : 3100;
  12108 : 6D30;
  12109 : 0056;
  12110 : 3032;
  12111 : 566D;
  12112 : 3500;
  12113 : 6D30;
  12114 : 0056;
  12115 : 3031;
  12116 : 6D30;
  12117 : 0056;
  12118 : 3032;
  12119 : 6D30;
  12120 : 0056;
  12121 : 3035;
  12122 : 6D30;
  12123 : 0056;
  12124 : 5631;
  12125 : 3200;
  12126 : 0056;
  12127 : 5635;
  12128 : 3100;
  12129 : 5630;
  12130 : 0000;
  12131 : 0000;
  12132 : 0000;
  12133 : 0000;
  12134 : 0000;
  12135 : 0000;
  12136 : 0000;
  12137 : 0000;
  12138 : 0000;
  12139 : 0000;
  12140 : 0000;
  12141 : 0000;
  12142 : 0000;
  12143 : 0000;
  12144 : 0000;
  12145 : 0000;
  12146 : 0000;
  12147 : 0000;
  12148 : 0000;
  12149 : 0000;
  12150 : 0000;
  12151 : 0000;
  12152 : 0000;
  12153 : 0000;
  12154 : 0000;
  12155 : 0000;
  12156 : 0000;
  12157 : 0000;
  12158 : 0000;
  12159 : 0000;
  12160 : 0000;
  12161 : 0000;
  12162 : 0000;
  12163 : 0000;
  12164 : 0000;
  12165 : 0000;
  12166 : 0000;
  12167 : 0000;
  12168 : 0000;
  12169 : 0000;
  12170 : 0000;
  12171 : 0000;
  12172 : 0000;
  12173 : 0000;
  12174 : 0000;
  12175 : 0000;
  12176 : 0000;
  12177 : 0000;
  12178 : 0000;
  12179 : 0000;
  12180 : 0000;
  12181 : 0000;
  12182 : 0000;
  12183 : 0000;
  12184 : 0000;
  12185 : 0000;
  12186 : 0000;
  12187 : 0000;
  12188 : 0000;
  12189 : 0000;
  12190 : 0000;
  12191 : 0000;
  12192 : 0000;
  12193 : 0000;
  12194 : 0000;
  12195 : 0000;
  12196 : 0000;
  12197 : 0000;
  12198 : 0000;
  12199 : 0000;
  12200 : 0000;
  12201 : 0000;
  12202 : 0000;
  12203 : 0000;
  12204 : 0000;
  12205 : 0000;
  12206 : 0000;
  12207 : 0000;
  12208 : 0000;
  12209 : 0000;
  12210 : 0000;
  12211 : 0000;
  12212 : 0000;
  12213 : 0000;
  12214 : 0000;
  12215 : 0000;
  12216 : 0000;
  12217 : 0000;
  12218 : 0000;
  12219 : 0000;
  12220 : 0000;
  12221 : 0000;
  12222 : 0000;
  12223 : 0000;
  12224 : 0000;
  12225 : 0000;
  12226 : 0000;
  12227 : 0000;
  12228 : 0000;
  12229 : 0000;
  12230 : 0000;
  12231 : 0000;
  12232 : 0000;
  12233 : 0000;
  12234 : 0000;
  12235 : 0000;
  12236 : 0000;
  12237 : 0000;
  12238 : 0000;
  12239 : 0000;
  12240 : 0000;
  12241 : 0000;
  12242 : 0000;
  12243 : 0000;
  12244 : 0000;
  12245 : 0000;
  12246 : 0000;
  12247 : 0000;
  12248 : 0000;
  12249 : 0000;
  12250 : 0000;
  12251 : 0000;
  12252 : 0000;
  12253 : 0000;
  12254 : 0000;
  12255 : 0000;
  12256 : 0000;
  12257 : 0000;
  12258 : 0000;
  12259 : 0000;
  12260 : 0000;
  12261 : 0000;
  12262 : 0000;
  12263 : 0000;
  12264 : 0000;
  12265 : 0000;
  12266 : 0000;
  12267 : 0000;
  12268 : 0000;
  12269 : 0000;
  12270 : 0000;
  12271 : 0000;
  12272 : 0000;
  12273 : 0000;
  12274 : 0000;
  12275 : 0000;
  12276 : 0000;
  12277 : 0000;
  12278 : 0000;
  12279 : 0000;
  12280 : 0000;
  12281 : 0000;
  12282 : 0000;
  12283 : 0000;
  12284 : 0000;
  12285 : 0000;
  12286 : 0000;
  12287 : 0000;
  12288 : 0000;
  12289 : 0000;
  12290 : 0000;
  12291 : 0000;
  12292 : 0000;
  12293 : 0000;
  12294 : 0000;
  12295 : 0000;
  12296 : 0000;
  12297 : 0000;
  12298 : 0000;
  12299 : 0000;
  12300 : 0000;
  12301 : 0000;
  12302 : 0000;
  12303 : 0000;
  12304 : 0000;
  12305 : 0000;
  12306 : 0000;
  12307 : 0000;
  12308 : 0000;
  12309 : 0000;
  12310 : 0000;
  12311 : 0000;
  12312 : 0000;
  12313 : 0000;
  12314 : 0000;
  12315 : 0000;
  12316 : 0000;
  12317 : 0000;
  12318 : 0000;
  12319 : 0000;
  12320 : 0000;
  12321 : 0000;
  12322 : 0000;
  12323 : 0000;
  12324 : 0000;
  12325 : 0000;
  12326 : 0000;
  12327 : 0000;
  12328 : 0000;
  12329 : 0000;
  12330 : 0000;
  12331 : 0000;
  12332 : 0000;
  12333 : 0000;
  12334 : 0000;
  12335 : 0000;
  12336 : 0000;
  12337 : 0000;
  12338 : 0000;
  12339 : 0000;
  12340 : 0000;
  12341 : 0000;
  12342 : 0000;
  12343 : 0000;
  12344 : 0000;
  12345 : 0000;
  12346 : 0000;
  12347 : 0000;
  12348 : 0000;
  12349 : 0000;
  12350 : 0000;
  12351 : 0000;
  12352 : 0000;
  12353 : 0000;
  12354 : 0000;
  12355 : 0000;
  12356 : 0000;
  12357 : 0000;
  12358 : 0000;
  12359 : 0000;
  12360 : 0000;
  12361 : 0000;
  12362 : 0000;
  12363 : 0000;
  12364 : 0000;
  12365 : 0000;
  12366 : 0000;
  12367 : 0000;
  12368 : 0000;
  12369 : 0000;
  12370 : 0000;
  12371 : 0000;
  12372 : 0000;
  12373 : 0000;
  12374 : 0000;
  12375 : 0000;
  12376 : 0000;
  12377 : 0000;
  12378 : 0000;
  12379 : 0000;
  12380 : 0000;
  12381 : 0000;
  12382 : 0000;
  12383 : 0000;
  12384 : 0000;
  12385 : 0000;
  12386 : 0000;
  12387 : 0000;
  12388 : 0000;
  12389 : 0000;
  12390 : 0000;
  12391 : 0000;
  12392 : 0000;
  12393 : 0000;
  12394 : 0000;
  12395 : 0000;
  12396 : 0000;
  12397 : 0000;
  12398 : 0000;
  12399 : 0000;
  12400 : 0000;
  12401 : 0000;
  12402 : 0000;
  12403 : 0000;
  12404 : 0000;
  12405 : 0000;
  12406 : 0000;
  12407 : 0000;
  12408 : 0000;
  12409 : 0000;
  12410 : 0000;
  12411 : 0000;
  12412 : 0000;
  12413 : 0000;
  12414 : 0000;
  12415 : 0000;
  12416 : 0000;
  12417 : 0000;
  12418 : 0000;
  12419 : 0000;
  12420 : 0000;
  12421 : 0000;
  12422 : 0000;
  12423 : 0000;
  12424 : 0000;
  12425 : 0000;
  12426 : 0000;
  12427 : 0000;
  12428 : 0000;
  12429 : 0000;
  12430 : 0000;
  12431 : 0000;
  12432 : 0000;
  12433 : 0000;
  12434 : 0000;
  12435 : 0000;
  12436 : 0000;
  12437 : 0000;
  12438 : 0000;
  12439 : 0000;
  12440 : 0000;
  12441 : 0000;
  12442 : 0000;
  12443 : 0000;
  12444 : 0000;
  12445 : 0000;
  12446 : 0000;
  12447 : 0000;
  12448 : 0000;
  12449 : 0000;
  12450 : 0000;
  12451 : 0000;
  12452 : 0000;
  12453 : 0000;
  12454 : 0000;
  12455 : 0000;
  12456 : 0000;
  12457 : 0000;
  12458 : 0000;
  12459 : 0000;
  12460 : 0000;
  12461 : 0000;
  12462 : 0000;
  12463 : 0000;
  12464 : 0000;
  12465 : 0000;
  12466 : 0000;
  12467 : 0000;
  12468 : 0000;
  12469 : 0000;
  12470 : 0000;
  12471 : 0000;
  12472 : 0000;
  12473 : 0000;
  12474 : 0000;
  12475 : 0000;
  12476 : 0000;
  12477 : 0000;
  12478 : 0000;
  12479 : 0000;
  12480 : 0000;
  12481 : 0000;
  12482 : 0000;
  12483 : 0000;
  12484 : 0000;
  12485 : 0000;
  12486 : 0000;
  12487 : 0000;
  12488 : 0000;
  12489 : 0000;
  12490 : 0000;
  12491 : 0000;
  12492 : 0000;
  12493 : 0000;
  12494 : 0000;
  12495 : 0000;
  12496 : 0000;
  12497 : 0000;
  12498 : 0000;
  12499 : 0000;
  12500 : 0000;
  12501 : 0000;
  12502 : 0000;
  12503 : 0000;
  12504 : 0000;
  12505 : 0000;
  12506 : 0000;
  12507 : 0000;
  12508 : 0000;
  12509 : 0000;
  12510 : 0000;
  12511 : 0000;
  12512 : 0000;
  12513 : 0000;
  12514 : 0000;
  12515 : 0000;
  12516 : 0000;
  12517 : 0000;
  12518 : 0000;
  12519 : 0000;
  12520 : 0000;
  12521 : 0000;
  12522 : 0000;
  12523 : 0000;
  12524 : 0000;
  12525 : 0000;
  12526 : 0000;
  12527 : 0000;
  12528 : 0000;
  12529 : 0000;
  12530 : 0000;
  12531 : 0000;
  12532 : 0000;
  12533 : 0000;
  12534 : 0000;
  12535 : 0000;
  12536 : 0000;
  12537 : 0000;
  12538 : 0000;
  12539 : 0000;
  12540 : 0000;
  12541 : 0000;
  12542 : 0000;
  12543 : 0000;
  12544 : 0000;
  12545 : 0000;
  12546 : 0000;
  12547 : 0000;
  12548 : 0000;
  12549 : 0000;
  12550 : 0000;
  12551 : 0000;
  12552 : 0000;
  12553 : 0000;
  12554 : 0000;
  12555 : 0000;
  12556 : 0000;
  12557 : 0000;
  12558 : 0000;
  12559 : 0000;
  12560 : 0000;
  12561 : 0000;
  12562 : 0000;
  12563 : 0000;
  12564 : 0000;
  12565 : 0000;
  12566 : 0000;
  12567 : 0000;
  12568 : 0000;
  12569 : 0000;
  12570 : 0000;
  12571 : 0000;
  12572 : 0000;
  12573 : 0000;
  12574 : 0000;
  12575 : 0000;
  12576 : 0000;
  12577 : 0000;
  12578 : 0000;
  12579 : 0000;
  12580 : 0000;
  12581 : 0000;
  12582 : 0000;
  12583 : 0000;
  12584 : 0000;
  12585 : 0000;
  12586 : 0000;
  12587 : 0000;
  12588 : 0000;
  12589 : 0000;
  12590 : 0000;
  12591 : 0000;
  12592 : 0000;
  12593 : 0000;
  12594 : 0000;
  12595 : 0000;
  12596 : 0000;
  12597 : 0000;
  12598 : 0000;
  12599 : 0000;
  12600 : 0000;
  12601 : 0000;
  12602 : 0000;
  12603 : 0000;
  12604 : 0000;
  12605 : 0000;
  12606 : 0000;
  12607 : 0000;
  12608 : 0000;
  12609 : 0000;
  12610 : 0000;
  12611 : 0000;
  12612 : 0000;
  12613 : 0000;
  12614 : 0000;
  12615 : 0000;
  12616 : 0000;
  12617 : 0000;
  12618 : 0000;
  12619 : 0000;
  12620 : 0000;
  12621 : 0000;
  12622 : 0000;
  12623 : 0000;
  12624 : 0000;
  12625 : 0000;
  12626 : 0000;
  12627 : 0000;
  12628 : 0000;
  12629 : 0000;
  12630 : 0000;
  12631 : 0000;
  12632 : 0000;
  12633 : 0000;
  12634 : 0000;
  12635 : 0000;
  12636 : 0000;
  12637 : 0000;
  12638 : 0000;
  12639 : 0000;
  12640 : 0000;
  12641 : 0000;
  12642 : 0000;
  12643 : 0000;
  12644 : 0000;
  12645 : 0000;
  12646 : 0000;
  12647 : 0000;
  12648 : 0000;
  12649 : 0000;
  12650 : 0000;
  12651 : 0000;
  12652 : 0000;
  12653 : 0000;
  12654 : 0000;
  12655 : 0000;
  12656 : 0000;
  12657 : 0000;
  12658 : 0000;
  12659 : 0000;
  12660 : 0000;
  12661 : 0000;
  12662 : 0000;
  12663 : 0000;
  12664 : 0000;
  12665 : 0000;
  12666 : 0000;
  12667 : 0000;
  12668 : 0000;
  12669 : 0000;
  12670 : 0000;
  12671 : 0000;
  12672 : 0000;
  12673 : 0000;
  12674 : 0000;
  12675 : 0000;
  12676 : 0000;
  12677 : 0000;
  12678 : 0000;
  12679 : 0000;
  12680 : 0000;
  12681 : 0000;
  12682 : 0000;
  12683 : 0000;
  12684 : 0000;
  12685 : 0000;
  12686 : 0000;
  12687 : 0000;
  12688 : 0000;
  12689 : 0000;
  12690 : 0000;
  12691 : 0000;
  12692 : 0000;
  12693 : 0000;
  12694 : 0000;
  12695 : 0000;
  12696 : 0000;
  12697 : 0000;
  12698 : 0000;
  12699 : 0000;
  12700 : 0000;
  12701 : 0000;
  12702 : 0000;
  12703 : 0000;
  12704 : 0000;
  12705 : 0000;
  12706 : 0000;
  12707 : 0000;
  12708 : 0000;
  12709 : 0000;
  12710 : 0000;
  12711 : 0000;
  12712 : 0000;
  12713 : 0000;
  12714 : 0000;
  12715 : 0000;
  12716 : 0000;
  12717 : 0000;
  12718 : 0000;
  12719 : 0000;
  12720 : 0000;
  12721 : 0000;
  12722 : 0000;
  12723 : 0000;
  12724 : 0000;
  12725 : 0000;
  12726 : 0000;
  12727 : 0000;
  12728 : 0000;
  12729 : 0000;
  12730 : 0000;
  12731 : 0000;
  12732 : 0000;
  12733 : 0000;
  12734 : 0000;
  12735 : 0000;
  12736 : 0000;
  12737 : 0000;
  12738 : 0000;
  12739 : 0000;
  12740 : 0000;
  12741 : 0000;
  12742 : 0000;
  12743 : 0000;
  12744 : 0000;
  12745 : 0000;
  12746 : 0000;
  12747 : 0000;
  12748 : 0000;
  12749 : 0000;
  12750 : 0000;
  12751 : 0000;
  12752 : 0000;
  12753 : 0000;
  12754 : 0000;
  12755 : 0000;
  12756 : 0000;
  12757 : 0000;
  12758 : 0000;
  12759 : 0000;
  12760 : 0000;
  12761 : 0000;
  12762 : 0000;
  12763 : 0000;
  12764 : 0000;
  12765 : 0000;
  12766 : 0000;
  12767 : 0000;
  12768 : 0000;
  12769 : 0000;
  12770 : 0000;
  12771 : 0000;
  12772 : 0000;
  12773 : 0000;
  12774 : 0000;
  12775 : 0000;
  12776 : 0000;
  12777 : 0000;
  12778 : 0000;
  12779 : 0000;
  12780 : 0000;
  12781 : 0000;
  12782 : 0000;
  12783 : 0000;
  12784 : 0000;
  12785 : 0000;
  12786 : 0000;
  12787 : 0000;
  12788 : 0000;
  12789 : 0000;
  12790 : 0000;
  12791 : 0000;
  12792 : 0000;
  12793 : 0000;
  12794 : 0000;
  12795 : 0000;
  12796 : 0000;
  12797 : 0000;
  12798 : 0000;
  12799 : 0000;
  12800 : 0000;
  12801 : 0000;
  12802 : 0000;
  12803 : 0000;
  12804 : 0000;
  12805 : 0000;
  12806 : 0000;
  12807 : 0000;
  12808 : 0000;
  12809 : 0000;
  12810 : 0000;
  12811 : 0000;
  12812 : 0000;
  12813 : 0000;
  12814 : 0000;
  12815 : 0000;
  12816 : 0000;
  12817 : 0000;
  12818 : 0000;
  12819 : 0000;
  12820 : 0000;
  12821 : 0000;
  12822 : 0000;
  12823 : 0000;
  12824 : 0000;
  12825 : 0000;
  12826 : 0000;
  12827 : 0000;
  12828 : 0000;
  12829 : 0000;
  12830 : 0000;
  12831 : 0000;
  12832 : 0000;
  12833 : 0000;
  12834 : 0000;
  12835 : 0000;
  12836 : 0000;
  12837 : 0000;
  12838 : 0000;
  12839 : 0000;
  12840 : 0000;
  12841 : 0000;
  12842 : 0000;
  12843 : 0000;
  12844 : 0000;
  12845 : 0000;
  12846 : 0000;
  12847 : 0000;
  12848 : 0000;
  12849 : 0000;
  12850 : 0000;
  12851 : 0000;
  12852 : 0000;
  12853 : 0000;
  12854 : 0000;
  12855 : 0000;
  12856 : 0000;
  12857 : 0000;
  12858 : 0000;
  12859 : 0000;
  12860 : 0000;
  12861 : 0000;
  12862 : 0000;
  12863 : 0000;
  12864 : 0000;
  12865 : 0000;
  12866 : 0000;
  12867 : 0000;
  12868 : 0000;
  12869 : 0000;
  12870 : 0000;
  12871 : 0000;
  12872 : 0000;
  12873 : 0000;
  12874 : 0000;
  12875 : 0000;
  12876 : 0000;
  12877 : 0000;
  12878 : 0000;
  12879 : 0000;
  12880 : 0000;
  12881 : 0000;
  12882 : 0000;
  12883 : 0000;
  12884 : 0000;
  12885 : 0000;
  12886 : 0000;
  12887 : 0000;
  12888 : 0000;
  12889 : 0000;
  12890 : 0000;
  12891 : 0000;
  12892 : 0000;
  12893 : 0000;
  12894 : 0000;
  12895 : 0000;
  12896 : 0000;
  12897 : 0000;
  12898 : 0000;
  12899 : 0000;
  12900 : 0000;
  12901 : 0000;
  12902 : 0000;
  12903 : 0000;
  12904 : 0000;
  12905 : 0000;
  12906 : 0000;
  12907 : 0000;
  12908 : 0000;
  12909 : 0000;
  12910 : 0000;
  12911 : 0000;
  12912 : 0000;
  12913 : 0000;
  12914 : 0000;
  12915 : 0000;
  12916 : 0000;
  12917 : 0000;
  12918 : 0000;
  12919 : 0000;
  12920 : 0000;
  12921 : 0000;
  12922 : 0000;
  12923 : 0000;
  12924 : 0000;
  12925 : 0000;
  12926 : 0000;
  12927 : 0000;
  12928 : 0000;
  12929 : 0000;
  12930 : 0000;
  12931 : 0000;
  12932 : 0000;
  12933 : 0000;
  12934 : 0000;
  12935 : 0000;
  12936 : 0000;
  12937 : 0000;
  12938 : 0000;
  12939 : 0000;
  12940 : 0000;
  12941 : 0000;
  12942 : 0000;
  12943 : 0000;
  12944 : 0000;
  12945 : 0000;
  12946 : 0000;
  12947 : 0000;
  12948 : 0000;
  12949 : 0000;
  12950 : 0000;
  12951 : 0000;
  12952 : 0000;
  12953 : 0000;
  12954 : 0000;
  12955 : 0000;
  12956 : 0000;
  12957 : 0000;
  12958 : 0000;
  12959 : 0000;
  12960 : 0000;
  12961 : 0000;
  12962 : 0000;
  12963 : 0000;
  12964 : 0000;
  12965 : 0000;
  12966 : 0000;
  12967 : 0000;
  12968 : 0000;
  12969 : 0000;
  12970 : 0000;
  12971 : 0000;
  12972 : 0000;
  12973 : 0000;
  12974 : 0000;
  12975 : 0000;
  12976 : 0000;
  12977 : 0000;
  12978 : 0000;
  12979 : 0000;
  12980 : 0000;
  12981 : 0000;
  12982 : 0000;
  12983 : 0000;
  12984 : 0000;
  12985 : 0000;
  12986 : 0000;
  12987 : 0000;
  12988 : 0000;
  12989 : 0000;
  12990 : 0000;
  12991 : 0000;
  12992 : 0000;
  12993 : 0000;
  12994 : 0000;
  12995 : 0000;
  12996 : 0000;
  12997 : 0000;
  12998 : 0000;
  12999 : 0000;
  13000 : 0000;
  13001 : 0000;
  13002 : 0000;
  13003 : 0000;
  13004 : 0000;
  13005 : 0000;
  13006 : 0000;
  13007 : 0000;
  13008 : 0000;
  13009 : 0000;
  13010 : 0000;
  13011 : 0000;
  13012 : 0000;
  13013 : 0000;
  13014 : 0000;
  13015 : 0000;
  13016 : 0000;
  13017 : 0000;
  13018 : 0000;
  13019 : 0000;
  13020 : 0000;
  13021 : 0000;
  13022 : 0000;
  13023 : 0000;
  13024 : 0000;
  13025 : 0000;
  13026 : 0000;
  13027 : 0000;
  13028 : 0000;
  13029 : 0000;
  13030 : 0000;
  13031 : 0000;
  13032 : 0000;
  13033 : 0000;
  13034 : 0000;
  13035 : 0000;
  13036 : 0000;
  13037 : 0000;
  13038 : 0000;
  13039 : 0000;
  13040 : 0000;
  13041 : 0000;
  13042 : 0000;
  13043 : 0000;
  13044 : 0000;
  13045 : 0000;
  13046 : 0000;
  13047 : 0000;
  13048 : 0000;
  13049 : 0000;
  13050 : 0000;
  13051 : 0000;
  13052 : 0000;
  13053 : 0000;
  13054 : 0000;
  13055 : 0000;
  13056 : 0000;
  13057 : 0000;
  13058 : 0000;
  13059 : 0000;
  13060 : 0000;
  13061 : 0000;
  13062 : 0000;
  13063 : 0000;
  13064 : 0000;
  13065 : 0000;
  13066 : 0000;
  13067 : 0000;
  13068 : 0000;
  13069 : 0000;
  13070 : 0000;
  13071 : 0000;
  13072 : 0000;
  13073 : 0000;
  13074 : 0000;
  13075 : 0000;
  13076 : 0000;
  13077 : 0000;
  13078 : 0000;
  13079 : 0000;
  13080 : 0000;
  13081 : 0000;
  13082 : 0000;
  13083 : 0000;
  13084 : 0000;
  13085 : 0000;
  13086 : 0000;
  13087 : 0000;
  13088 : 0000;
  13089 : 0000;
  13090 : 0000;
  13091 : 0000;
  13092 : 0000;
  13093 : 0000;
  13094 : 0000;
  13095 : 0000;
  13096 : 0000;
  13097 : 0000;
  13098 : 0000;
  13099 : 0000;
  13100 : 0000;
  13101 : 0000;
  13102 : 0000;
  13103 : 0000;
  13104 : 0000;
  13105 : 0000;
  13106 : 0000;
  13107 : 0000;
  13108 : 0000;
  13109 : 0000;
  13110 : 0000;
  13111 : 0000;
  13112 : 0000;
  13113 : 0000;
  13114 : 0000;
  13115 : 0000;
  13116 : 0000;
  13117 : 0000;
  13118 : 0000;
  13119 : 0000;
  13120 : 0000;
  13121 : 0000;
  13122 : 0000;
  13123 : 0000;
  13124 : 0000;
  13125 : 0000;
  13126 : 0000;
  13127 : 0000;
  13128 : 0000;
  13129 : 0000;
  13130 : 0000;
  13131 : 0000;
  13132 : 0000;
  13133 : 0000;
  13134 : 0000;
  13135 : 0000;
  13136 : 0000;
  13137 : 0000;
  13138 : 0000;
  13139 : 0000;
  13140 : 0000;
  13141 : 0000;
  13142 : 0000;
  13143 : 0000;
  13144 : 0000;
  13145 : 0000;
  13146 : 0000;
  13147 : 0000;
  13148 : 0000;
  13149 : 0000;
  13150 : 0000;
  13151 : 0000;
  13152 : 0000;
  13153 : 0000;
  13154 : 0000;
  13155 : 0000;
  13156 : 0000;
  13157 : 0000;
  13158 : 0000;
  13159 : 0000;
  13160 : 0000;
  13161 : 0000;
  13162 : 0000;
  13163 : 0000;
  13164 : 0000;
  13165 : 0000;
  13166 : 0000;
  13167 : 0000;
  13168 : 0000;
  13169 : 0000;
  13170 : 0000;
  13171 : 0000;
  13172 : 0000;
  13173 : 0000;
  13174 : 0000;
  13175 : 0000;
  13176 : 0000;
  13177 : 0000;
  13178 : 0000;
  13179 : 0000;
  13180 : 0000;
  13181 : 0000;
  13182 : 0000;
  13183 : 0000;
  13184 : 0000;
  13185 : 0000;
  13186 : 0000;
  13187 : 0000;
  13188 : 0000;
  13189 : 0000;
  13190 : 0000;
  13191 : 0000;
  13192 : 0000;
  13193 : 0000;
  13194 : 0000;
  13195 : 0000;
  13196 : 0000;
  13197 : 0000;
  13198 : 0000;
  13199 : 0000;
  13200 : 0000;
  13201 : 0000;
  13202 : 0000;
  13203 : 0000;
  13204 : 0000;
  13205 : 0000;
  13206 : 0000;
  13207 : 0000;
  13208 : 0000;
  13209 : 0000;
  13210 : 0000;
  13211 : 0000;
  13212 : 0000;
  13213 : 0000;
  13214 : 0000;
  13215 : 0000;
  13216 : 0000;
  13217 : 0000;
  13218 : 0000;
  13219 : 0000;
  13220 : 0000;
  13221 : 0000;
  13222 : 0000;
  13223 : 0000;
  13224 : 0000;
  13225 : 0000;
  13226 : 0000;
  13227 : 0000;
  13228 : 0000;
  13229 : 0000;
  13230 : 0000;
  13231 : 0000;
  13232 : 0000;
  13233 : 0000;
  13234 : 0000;
  13235 : 0000;
  13236 : 0000;
  13237 : 0000;
  13238 : 0000;
  13239 : 0000;
  13240 : 0000;
  13241 : 0000;
  13242 : 0000;
  13243 : 0000;
  13244 : 0000;
  13245 : 0000;
  13246 : 0000;
  13247 : 0000;
  13248 : 0000;
  13249 : 0000;
  13250 : 0000;
  13251 : 0000;
  13252 : 0000;
  13253 : 0000;
  13254 : 0000;
  13255 : 0000;
  13256 : 0000;
  13257 : 0000;
  13258 : 0000;
  13259 : 0000;
  13260 : 0000;
  13261 : 0000;
  13262 : 0000;
  13263 : 0000;
  13264 : 0000;
  13265 : 0000;
  13266 : 0000;
  13267 : 0000;
  13268 : 0000;
  13269 : 0000;
  13270 : 0000;
  13271 : 0000;
  13272 : 0000;
  13273 : 0000;
  13274 : 0000;
  13275 : 0000;
  13276 : 0000;
  13277 : 0000;
  13278 : 0000;
  13279 : 0000;
  13280 : 0000;
  13281 : 0000;
  13282 : 0000;
  13283 : 0000;
  13284 : 0000;
  13285 : 0000;
  13286 : 0000;
  13287 : 0000;
  13288 : 0000;
  13289 : 0000;
  13290 : 0000;
  13291 : 0000;
  13292 : 0000;
  13293 : 0000;
  13294 : 0000;
  13295 : 0000;
  13296 : 0000;
  13297 : 0000;
  13298 : 0000;
  13299 : 0000;
  13300 : 0000;
  13301 : 0000;
  13302 : 0000;
  13303 : 0000;
  13304 : 0000;
  13305 : 0000;
  13306 : 0000;
  13307 : 0000;
  13308 : 0000;
  13309 : 0000;
  13310 : 0000;
  13311 : 0000;
  13312 : 0000;
  13313 : 0000;
  13314 : 0000;
  13315 : 0000;
  13316 : 0000;
  13317 : 0000;
  13318 : 0000;
  13319 : 0000;
  13320 : 0000;
  13321 : 0000;
  13322 : 0000;
  13323 : 0000;
  13324 : 0000;
  13325 : 0000;
  13326 : 0000;
  13327 : 0000;
  13328 : 0000;
  13329 : 0000;
  13330 : 0000;
  13331 : 0000;
  13332 : 0000;
  13333 : 0000;
  13334 : 0000;
  13335 : 0000;
  13336 : 0000;
  13337 : 0000;
  13338 : 0000;
  13339 : 0000;
  13340 : 0000;
  13341 : 0000;
  13342 : 0000;
  13343 : 0000;
  13344 : 0000;
  13345 : 0000;
  13346 : 0000;
  13347 : 0000;
  13348 : 0000;
  13349 : 0000;
  13350 : 0000;
  13351 : 0000;
  13352 : 0000;
  13353 : 0000;
  13354 : 0000;
  13355 : 0000;
  13356 : 0000;
  13357 : 0000;
  13358 : 0000;
  13359 : 0000;
  13360 : 0000;
  13361 : 0000;
  13362 : 0000;
  13363 : 0000;
  13364 : 0000;
  13365 : 0000;
  13366 : 0000;
  13367 : 0000;
  13368 : 0000;
  13369 : 0000;
  13370 : 0000;
  13371 : 0000;
  13372 : 0000;
  13373 : 0000;
  13374 : 0000;
  13375 : 0000;
  13376 : 0000;
  13377 : 0000;
  13378 : 0000;
  13379 : 0000;
  13380 : 0000;
  13381 : 0000;
  13382 : 0000;
  13383 : 0000;
  13384 : 0000;
  13385 : 0000;
  13386 : 0000;
  13387 : 0000;
  13388 : 0000;
  13389 : 0000;
  13390 : 0000;
  13391 : 0000;
  13392 : 0000;
  13393 : 0000;
  13394 : 0000;
  13395 : 0000;
  13396 : 0000;
  13397 : 0000;
  13398 : 0000;
  13399 : 0000;
  13400 : 0000;
  13401 : 0000;
  13402 : 0000;
  13403 : 0000;
  13404 : 0000;
  13405 : 0000;
  13406 : 0000;
  13407 : 0000;
  13408 : 0000;
  13409 : 0000;
  13410 : 0000;
  13411 : 0000;
  13412 : 0000;
  13413 : 0000;
  13414 : 0000;
  13415 : 0000;
  13416 : 0000;
  13417 : 0000;
  13418 : 0000;
  13419 : 0000;
  13420 : 0000;
  13421 : 0000;
  13422 : 0000;
  13423 : 0000;
  13424 : 0000;
  13425 : 0000;
  13426 : 0000;
  13427 : 0000;
  13428 : 0000;
  13429 : 0000;
  13430 : 0000;
  13431 : 0000;
  13432 : 0000;
  13433 : 0000;
  13434 : 0000;
  13435 : 0000;
  13436 : 0000;
  13437 : 0000;
  13438 : 0000;
  13439 : 0000;
  13440 : 0000;
  13441 : 0000;
  13442 : 0000;
  13443 : 0000;
  13444 : 0000;
  13445 : 0000;
  13446 : 0000;
  13447 : 0000;
  13448 : 0000;
  13449 : 0000;
  13450 : 0000;
  13451 : 0000;
  13452 : 0000;
  13453 : 0000;
  13454 : 0000;
  13455 : 0000;
  13456 : 0000;
  13457 : 0000;
  13458 : 0000;
  13459 : 0000;
  13460 : 0000;
  13461 : 0000;
  13462 : 0000;
  13463 : 0000;
  13464 : 0000;
  13465 : 0000;
  13466 : 0000;
  13467 : 0000;
  13468 : 0000;
  13469 : 0000;
  13470 : 0000;
  13471 : 0000;
  13472 : 0000;
  13473 : 0000;
  13474 : 0000;
  13475 : 0000;
  13476 : 0000;
  13477 : 0000;
  13478 : 0000;
  13479 : 0000;
  13480 : 0000;
  13481 : 0000;
  13482 : 0000;
  13483 : 0000;
  13484 : 0000;
  13485 : 0000;
  13486 : 0000;
  13487 : 0000;
  13488 : 0000;
  13489 : 0000;
  13490 : 0000;
  13491 : 0000;
  13492 : 0000;
  13493 : 0000;
  13494 : 0000;
  13495 : 0000;
  13496 : 0000;
  13497 : 0000;
  13498 : 0000;
  13499 : 0000;
  13500 : 0000;
  13501 : 0000;
  13502 : 0000;
  13503 : 0000;
  13504 : 0000;
  13505 : 0000;
  13506 : 0000;
  13507 : 0000;
  13508 : 0000;
  13509 : 0000;
  13510 : 0000;
  13511 : 0000;
  13512 : 0000;
  13513 : 0000;
  13514 : 0000;
  13515 : 0000;
  13516 : 0000;
  13517 : 0000;
  13518 : 0000;
  13519 : 0000;
  13520 : 0000;
  13521 : 0000;
  13522 : 0000;
  13523 : 0000;
  13524 : 0000;
  13525 : 0000;
  13526 : 0000;
  13527 : 0000;
  13528 : 0000;
  13529 : 0000;
  13530 : 0000;
  13531 : 0000;
  13532 : 0000;
  13533 : 0000;
  13534 : 0000;
  13535 : 0000;
  13536 : 0000;
  13537 : 0000;
  13538 : 0000;
  13539 : 0000;
  13540 : 0000;
  13541 : 0000;
  13542 : 0000;
  13543 : 0000;
  13544 : 0000;
  13545 : 0000;
  13546 : 0000;
  13547 : 0000;
  13548 : 0000;
  13549 : 0000;
  13550 : 0000;
  13551 : 0000;
  13552 : 0000;
  13553 : 0000;
  13554 : 0000;
  13555 : 0000;
  13556 : 0000;
  13557 : 0000;
  13558 : 0000;
  13559 : 0000;
  13560 : 0000;
  13561 : 0000;
  13562 : 0000;
  13563 : 0000;
  13564 : 0000;
  13565 : 0000;
  13566 : 0000;
  13567 : 0000;
  13568 : 0000;
  13569 : 0000;
  13570 : 0000;
  13571 : 0000;
  13572 : 0000;
  13573 : 0000;
  13574 : 0000;
  13575 : 0000;
  13576 : 0000;
  13577 : 0000;
  13578 : 0000;
  13579 : 0000;
  13580 : 0000;
  13581 : 0000;
  13582 : 0000;
  13583 : 0000;
  13584 : 0000;
  13585 : 0000;
  13586 : 0000;
  13587 : 0000;
  13588 : 0000;
  13589 : 0000;
  13590 : 0000;
  13591 : 0000;
  13592 : 0000;
  13593 : 0000;
  13594 : 0000;
  13595 : 0000;
  13596 : 0000;
  13597 : 0000;
  13598 : 0000;
  13599 : 0000;
  13600 : 0000;
  13601 : 0000;
  13602 : 0000;
  13603 : 0000;
  13604 : 0000;
  13605 : 0000;
  13606 : 0000;
  13607 : 0000;
  13608 : 0000;
  13609 : 0000;
  13610 : 0000;
  13611 : 0000;
  13612 : 0000;
  13613 : 0000;
  13614 : 0000;
  13615 : 0000;
  13616 : 0000;
  13617 : 0000;
  13618 : 0000;
  13619 : 0000;
  13620 : 0000;
  13621 : 0000;
  13622 : 0000;
  13623 : 0000;
  13624 : 0000;
  13625 : 0000;
  13626 : 0000;
  13627 : 0000;
  13628 : 0000;
  13629 : 0000;
  13630 : 0000;
  13631 : 0000;
  13632 : 0000;
  13633 : 0000;
  13634 : 0000;
  13635 : 0000;
  13636 : 0000;
  13637 : 0000;
  13638 : 0000;
  13639 : 0000;
  13640 : 0000;
  13641 : 0000;
  13642 : 0000;
  13643 : 0000;
  13644 : 0000;
  13645 : 0000;
  13646 : 0000;
  13647 : 0000;
  13648 : 0000;
  13649 : 0000;
  13650 : 0000;
  13651 : 0000;
  13652 : 0000;
  13653 : 0000;
  13654 : 0000;
  13655 : 0000;
  13656 : 0000;
  13657 : 0000;
  13658 : 0000;
  13659 : 0000;
  13660 : 0000;
  13661 : 0000;
  13662 : 0000;
  13663 : 0000;
  13664 : 0000;
  13665 : 0000;
  13666 : 0000;
  13667 : 0000;
  13668 : 0000;
  13669 : 0000;
  13670 : 0000;
  13671 : 0000;
  13672 : 0000;
  13673 : 0000;
  13674 : 0000;
  13675 : 0000;
  13676 : 0000;
  13677 : 0000;
  13678 : 0000;
  13679 : 0000;
  13680 : 0000;
  13681 : 0000;
  13682 : 0000;
  13683 : 0000;
  13684 : 0000;
  13685 : 0000;
  13686 : 0000;
  13687 : 0000;
  13688 : 0000;
  13689 : 0000;
  13690 : 0000;
  13691 : 0000;
  13692 : 0000;
  13693 : 0000;
  13694 : 0000;
  13695 : 0000;
  13696 : 0000;
  13697 : 0000;
  13698 : 0000;
  13699 : 0000;
  13700 : 0000;
  13701 : 0000;
  13702 : 0000;
  13703 : 0000;
  13704 : 0000;
  13705 : 0000;
  13706 : 0000;
  13707 : 0000;
  13708 : 0000;
  13709 : 0000;
  13710 : 0000;
  13711 : 0000;
  13712 : 0000;
  13713 : 0000;
  13714 : 0000;
  13715 : 0000;
  13716 : 0000;
  13717 : 0000;
  13718 : 0000;
  13719 : 0000;
  13720 : 0000;
  13721 : 0000;
  13722 : 0000;
  13723 : 0000;
  13724 : 0000;
  13725 : 0000;
  13726 : 0000;
  13727 : 0000;
  13728 : 0000;
  13729 : 0000;
  13730 : 0000;
  13731 : 0000;
  13732 : 0000;
  13733 : 0000;
  13734 : 0000;
  13735 : 0000;
  13736 : 0000;
  13737 : 0000;
  13738 : 0000;
  13739 : 0000;
  13740 : 0000;
  13741 : 0000;
  13742 : 0000;
  13743 : 0000;
  13744 : 0000;
  13745 : 0000;
  13746 : 0000;
  13747 : 0000;
  13748 : 0000;
  13749 : 0000;
  13750 : 0000;
  13751 : 0000;
  13752 : 0000;
  13753 : 0000;
  13754 : 0000;
  13755 : 0000;
  13756 : 0000;
  13757 : 0000;
  13758 : 0000;
  13759 : 0000;
  13760 : 0000;
  13761 : 0000;
  13762 : 0000;
  13763 : 0000;
  13764 : 0000;
  13765 : 0000;
  13766 : 0000;
  13767 : 0000;
  13768 : 0000;
  13769 : 0000;
  13770 : 0000;
  13771 : 0000;
  13772 : 0000;
  13773 : 0000;
  13774 : 0000;
  13775 : 0000;
  13776 : 0000;
  13777 : 0000;
  13778 : 0000;
  13779 : 0000;
  13780 : 0000;
  13781 : 0000;
  13782 : 0000;
  13783 : 0000;
  13784 : 0000;
  13785 : 0000;
  13786 : 0000;
  13787 : 0000;
  13788 : 0000;
  13789 : 0000;
  13790 : 0000;
  13791 : 0000;
  13792 : 0000;
  13793 : 0000;
  13794 : 0000;
  13795 : 0000;
  13796 : 0000;
  13797 : 0000;
  13798 : 0000;
  13799 : 0000;
  13800 : 0000;
  13801 : 0000;
  13802 : 0000;
  13803 : 0000;
  13804 : 0000;
  13805 : 0000;
  13806 : 0000;
  13807 : 0000;
  13808 : 0000;
  13809 : 0000;
  13810 : 0000;
  13811 : 0000;
  13812 : 0000;
  13813 : 0000;
  13814 : 0000;
  13815 : 0000;
  13816 : 0000;
  13817 : 0000;
  13818 : 0000;
  13819 : 0000;
  13820 : 0000;
  13821 : 0000;
  13822 : 0000;
  13823 : 0000;
  13824 : 0000;
  13825 : 0000;
  13826 : 0000;
  13827 : 0000;
  13828 : 0000;
  13829 : 0000;
  13830 : 0000;
  13831 : 0000;
  13832 : 0000;
  13833 : 0000;
  13834 : 0000;
  13835 : 0000;
  13836 : 0000;
  13837 : 0000;
  13838 : 0000;
  13839 : 0000;
  13840 : 0000;
  13841 : 0000;
  13842 : 0000;
  13843 : 0000;
  13844 : 0000;
  13845 : 0000;
  13846 : 0000;
  13847 : 0000;
  13848 : 0000;
  13849 : 0000;
  13850 : 0000;
  13851 : 0000;
  13852 : 0000;
  13853 : 0000;
  13854 : 0000;
  13855 : 0000;
  13856 : 0000;
  13857 : 0000;
  13858 : 0000;
  13859 : 0000;
  13860 : 0000;
  13861 : 0000;
  13862 : 0000;
  13863 : 0000;
  13864 : 0000;
  13865 : 0000;
  13866 : 0000;
  13867 : 0000;
  13868 : 0000;
  13869 : 0000;
  13870 : 0000;
  13871 : 0000;
  13872 : 0000;
  13873 : 0000;
  13874 : 0000;
  13875 : 0000;
  13876 : 0000;
  13877 : 0000;
  13878 : 0000;
  13879 : 0000;
  13880 : 0000;
  13881 : 0000;
  13882 : 0000;
  13883 : 0000;
  13884 : 0000;
  13885 : 0000;
  13886 : 0000;
  13887 : 0000;
  13888 : 0000;
  13889 : 0000;
  13890 : 0000;
  13891 : 0000;
  13892 : 0000;
  13893 : 0000;
  13894 : 0000;
  13895 : 0000;
  13896 : 0000;
  13897 : 0000;
  13898 : 0000;
  13899 : 0000;
  13900 : 0000;
  13901 : 0000;
  13902 : 0000;
  13903 : 0000;
  13904 : 0000;
  13905 : 0000;
  13906 : 0000;
  13907 : 0000;
  13908 : 0000;
  13909 : 0000;
  13910 : 0000;
  13911 : 0000;
  13912 : 0000;
  13913 : 0000;
  13914 : 0000;
  13915 : 0000;
  13916 : 0000;
  13917 : 0000;
  13918 : 0000;
  13919 : 0000;
  13920 : 0000;
  13921 : 0000;
  13922 : 0000;
  13923 : 0000;
  13924 : 0000;
  13925 : 0000;
  13926 : 0000;
  13927 : 0000;
  13928 : 0000;
  13929 : 0000;
  13930 : 0000;
  13931 : 0000;
  13932 : 0000;
  13933 : 0000;
  13934 : 0000;
  13935 : 0000;
  13936 : 0000;
  13937 : 0000;
  13938 : 0000;
  13939 : 0000;
  13940 : 0000;
  13941 : 0000;
  13942 : 0000;
  13943 : 0000;
  13944 : 0000;
  13945 : 0000;
  13946 : 0000;
  13947 : 0000;
  13948 : 0000;
  13949 : 0000;
  13950 : 0000;
  13951 : 0000;
  13952 : 0000;
  13953 : 0000;
  13954 : 0000;
  13955 : 0000;
  13956 : 0000;
  13957 : 0000;
  13958 : 0000;
  13959 : 0000;
  13960 : 0000;
  13961 : 0000;
  13962 : 0000;
  13963 : 0000;
  13964 : 0000;
  13965 : 0000;
  13966 : 0000;
  13967 : 0000;
  13968 : 0000;
  13969 : 0000;
  13970 : 0000;
  13971 : 0000;
  13972 : 0000;
  13973 : 0000;
  13974 : 0000;
  13975 : 0000;
  13976 : 0000;
  13977 : 0000;
  13978 : 0000;
  13979 : 0000;
  13980 : 0000;
  13981 : 0000;
  13982 : 0000;
  13983 : 0000;
  13984 : 0000;
  13985 : 0000;
  13986 : 0000;
  13987 : 0000;
  13988 : 0000;
  13989 : 0000;
  13990 : 0000;
  13991 : 0000;
  13992 : 0000;
  13993 : 0000;
  13994 : 0000;
  13995 : 0000;
  13996 : 0000;
  13997 : 0000;
  13998 : 0000;
  13999 : 0000;
  14000 : 0000;
  14001 : 0000;
  14002 : 0000;
  14003 : 0000;
  14004 : 0000;
  14005 : 0000;
  14006 : 0000;
  14007 : 0000;
  14008 : 0000;
  14009 : 0000;
  14010 : 0000;
  14011 : 0000;
  14012 : 0000;
  14013 : 0000;
  14014 : 0000;
  14015 : 0000;
  14016 : 0000;
  14017 : 0000;
  14018 : 0000;
  14019 : 0000;
  14020 : 0000;
  14021 : 0000;
  14022 : 0000;
  14023 : 0000;
  14024 : 0000;
  14025 : 0000;
  14026 : 0000;
  14027 : 0000;
  14028 : 0000;
  14029 : 0000;
  14030 : 0000;
  14031 : 0000;
  14032 : 0000;
  14033 : 0000;
  14034 : 0000;
  14035 : 0000;
  14036 : 0000;
  14037 : 0000;
  14038 : 0000;
  14039 : 0000;
  14040 : 0000;
  14041 : 0000;
  14042 : 0000;
  14043 : 0000;
  14044 : 0000;
  14045 : 0000;
  14046 : 0000;
  14047 : 0000;
  14048 : 0000;
  14049 : 0000;
  14050 : 0000;
  14051 : 0000;
  14052 : 0000;
  14053 : 0000;
  14054 : 0000;
  14055 : 0000;
  14056 : 0000;
  14057 : 0000;
  14058 : 0000;
  14059 : 0000;
  14060 : 0000;
  14061 : 0000;
  14062 : 0000;
  14063 : 0000;
  14064 : 0000;
  14065 : 0000;
  14066 : 0000;
  14067 : 0000;
  14068 : 0000;
  14069 : 0000;
  14070 : 0000;
  14071 : 0000;
  14072 : 0000;
  14073 : 0000;
  14074 : 0000;
  14075 : 0000;
  14076 : 0000;
  14077 : 0000;
  14078 : 0000;
  14079 : 0000;
  14080 : 0000;
  14081 : 0000;
  14082 : 0000;
  14083 : 0000;
  14084 : 0000;
  14085 : 0000;
  14086 : 0000;
  14087 : 0000;
  14088 : 0000;
  14089 : 0000;
  14090 : 0000;
  14091 : 0000;
  14092 : 0000;
  14093 : 0000;
  14094 : 0000;
  14095 : 0000;
  14096 : 0000;
  14097 : 0000;
  14098 : 0000;
  14099 : 0000;
  14100 : 0000;
  14101 : 0000;
  14102 : 0000;
  14103 : 0000;
  14104 : 0000;
  14105 : 0000;
  14106 : 0000;
  14107 : 0000;
  14108 : 0000;
  14109 : 0000;
  14110 : 0000;
  14111 : 0000;
  14112 : 0000;
  14113 : 0000;
  14114 : 0000;
  14115 : 0000;
  14116 : 0000;
  14117 : 0000;
  14118 : 0000;
  14119 : 0000;
  14120 : 0000;
  14121 : 0000;
  14122 : 0000;
  14123 : 0000;
  14124 : 0000;
  14125 : 0000;
  14126 : 0000;
  14127 : 0000;
  14128 : 0000;
  14129 : 0000;
  14130 : 0000;
  14131 : 0000;
  14132 : 0000;
  14133 : 0000;
  14134 : 0000;
  14135 : 0000;
  14136 : 0000;
  14137 : 0000;
  14138 : 0000;
  14139 : 0000;
  14140 : 0000;
  14141 : 0000;
  14142 : 0000;
  14143 : 0000;
  14144 : 0000;
  14145 : 0000;
  14146 : 0000;
  14147 : 0000;
  14148 : 0000;
  14149 : 0000;
  14150 : 0000;
  14151 : 0000;
  14152 : 0000;
  14153 : 0000;
  14154 : 0000;
  14155 : 0000;
  14156 : 0000;
  14157 : 0000;
  14158 : 0000;
  14159 : 0000;
  14160 : 0000;
  14161 : 0000;
  14162 : 0000;
  14163 : 0000;
  14164 : 0000;
  14165 : 0000;
  14166 : 0000;
  14167 : 0000;
  14168 : 0000;
  14169 : 0000;
  14170 : 0000;
  14171 : 0000;
  14172 : 0000;
  14173 : 0000;
  14174 : 0000;
  14175 : 0000;
  14176 : 0000;
  14177 : 0000;
  14178 : 0000;
  14179 : 0000;
  14180 : 0000;
  14181 : 0000;
  14182 : 0000;
  14183 : 0000;
  14184 : 0000;
  14185 : 0000;
  14186 : 0000;
  14187 : 0000;
  14188 : 0000;
  14189 : 0000;
  14190 : 0000;
  14191 : 0000;
  14192 : 0000;
  14193 : 0000;
  14194 : 0000;
  14195 : 0000;
  14196 : 0000;
  14197 : 0000;
  14198 : 0000;
  14199 : 0000;
  14200 : 0000;
  14201 : 0000;
  14202 : 0000;
  14203 : 0000;
  14204 : 0000;
  14205 : 0000;
  14206 : 0000;
  14207 : 0000;
  14208 : 0000;
  14209 : 0000;
  14210 : 0000;
  14211 : 0000;
  14212 : 0000;
  14213 : 0000;
  14214 : 0000;
  14215 : 0000;
  14216 : 0000;
  14217 : 0000;
  14218 : 0000;
  14219 : 0000;
  14220 : 0000;
  14221 : 0000;
  14222 : 0000;
  14223 : 0000;
  14224 : 0000;
  14225 : 0000;
  14226 : 0000;
  14227 : 0000;
  14228 : 0000;
  14229 : 0000;
  14230 : 0000;
  14231 : 0000;
  14232 : 0000;
  14233 : 0000;
  14234 : 0000;
  14235 : 0000;
  14236 : 0000;
  14237 : 0000;
  14238 : 0000;
  14239 : 0000;
  14240 : 0000;
  14241 : 0000;
  14242 : 0000;
  14243 : 0000;
  14244 : 0000;
  14245 : 0000;
  14246 : 0000;
  14247 : 0000;
  14248 : 0000;
  14249 : 0000;
  14250 : 0000;
  14251 : 0000;
  14252 : 0000;
  14253 : 0000;
  14254 : 0000;
  14255 : 0000;
  14256 : 0000;
  14257 : 0000;
  14258 : 0000;
  14259 : 0000;
  14260 : 0000;
  14261 : 0000;
  14262 : 0000;
  14263 : 0000;
  14264 : 0000;
  14265 : 0000;
  14266 : 0000;
  14267 : 0000;
  14268 : 0000;
  14269 : 0000;
  14270 : 0000;
  14271 : 0000;
  14272 : 0000;
  14273 : 0000;
  14274 : 0000;
  14275 : 0000;
  14276 : 0000;
  14277 : 0000;
  14278 : 0000;
  14279 : 0000;
  14280 : 0000;
  14281 : 0000;
  14282 : 0000;
  14283 : 0000;
  14284 : 0000;
  14285 : 0000;
  14286 : 0000;
  14287 : 0000;
  14288 : 0000;
  14289 : 0000;
  14290 : 0000;
  14291 : 0000;
  14292 : 0000;
  14293 : 0000;
  14294 : 0000;
  14295 : 0000;
  14296 : 0000;
  14297 : 0000;
  14298 : 0000;
  14299 : 0000;
  14300 : 0000;
  14301 : 0000;
  14302 : 0000;
  14303 : 0000;
  14304 : 0000;
  14305 : 0000;
  14306 : 0000;
  14307 : 0000;
  14308 : 0000;
  14309 : 0000;
  14310 : 0000;
  14311 : 0000;
  14312 : 0000;
  14313 : 0000;
  14314 : 0000;
  14315 : 0000;
  14316 : 0000;
  14317 : 0000;
  14318 : 0000;
  14319 : 0000;
  14320 : 0000;
  14321 : 0000;
  14322 : 0000;
  14323 : 0000;
  14324 : 0000;
  14325 : 0000;
  14326 : 0000;
  14327 : 0000;
  14328 : 0000;
  14329 : 0000;
  14330 : 0000;
  14331 : 0000;
  14332 : 0000;
  14333 : 0000;
  14334 : 0000;
  14335 : 0000;
  14336 : 0000;
  14337 : 0000;
  14338 : 0000;
  14339 : 0000;
  14340 : 0000;
  14341 : 0000;
  14342 : 0000;
  14343 : 0000;
  14344 : 0000;
  14345 : 0000;
  14346 : 0000;
  14347 : 0000;
  14348 : 0000;
  14349 : 0000;
  14350 : 0000;
  14351 : 0000;
  14352 : 0000;
  14353 : 0000;
  14354 : 0000;
  14355 : 0000;
  14356 : 0000;
  14357 : 0000;
  14358 : 0000;
  14359 : 0000;
  14360 : 0000;
  14361 : 0000;
  14362 : 0000;
  14363 : 0000;
  14364 : 0000;
  14365 : 0000;
  14366 : 0000;
  14367 : 0000;
  14368 : 0000;
  14369 : 0000;
  14370 : 0000;
  14371 : 0000;
  14372 : 0000;
  14373 : 0000;
  14374 : 0000;
  14375 : 0000;
  14376 : 0000;
  14377 : 0000;
  14378 : 0000;
  14379 : 0000;
  14380 : 0000;
  14381 : 0000;
  14382 : 0000;
  14383 : 0000;
  14384 : 0000;
  14385 : 0000;
  14386 : 0000;
  14387 : 0000;
  14388 : 0000;
  14389 : 0000;
  14390 : 0000;
  14391 : 0000;
  14392 : 0000;
  14393 : 0000;
  14394 : 0000;
  14395 : 0000;
  14396 : 0000;
  14397 : 0000;
  14398 : 0000;
  14399 : 0000;
  14400 : 0000;
  14401 : 0000;
  14402 : 0000;
  14403 : 0000;
  14404 : 0000;
  14405 : 0000;
  14406 : 0000;
  14407 : 0000;
  14408 : 0000;
  14409 : 0000;
  14410 : 0000;
  14411 : 0000;
  14412 : 0000;
  14413 : 0000;
  14414 : 0000;
  14415 : 0000;
  14416 : 0000;
  14417 : 0000;
  14418 : 0000;
  14419 : 0000;
  14420 : 0000;
  14421 : 0000;
  14422 : 0000;
  14423 : 0000;
  14424 : 0000;
  14425 : 0000;
  14426 : 0000;
  14427 : 0000;
  14428 : 0000;
  14429 : 0000;
  14430 : 0000;
  14431 : 0000;
  14432 : 0000;
  14433 : 0000;
  14434 : 0000;
  14435 : 0000;
  14436 : 0000;
  14437 : 0000;
  14438 : 0000;
  14439 : 0000;
  14440 : 0000;
  14441 : 0000;
  14442 : 0000;
  14443 : 0000;
  14444 : 0000;
  14445 : 0000;
  14446 : 0000;
  14447 : 0000;
  14448 : 0000;
  14449 : 0000;
  14450 : 0000;
  14451 : 0000;
  14452 : 0000;
  14453 : 0000;
  14454 : 0000;
  14455 : 0000;
  14456 : 0000;
  14457 : 0000;
  14458 : 0000;
  14459 : 0000;
  14460 : 0000;
  14461 : 0000;
  14462 : 0000;
  14463 : 0000;
  14464 : 0000;
  14465 : 0000;
  14466 : 0000;
  14467 : 0000;
  14468 : 0000;
  14469 : 0000;
  14470 : 0000;
  14471 : 0000;
  14472 : 0000;
  14473 : 0000;
  14474 : 0000;
  14475 : 0000;
  14476 : 0000;
  14477 : 0000;
  14478 : 0000;
  14479 : 0000;
  14480 : 0000;
  14481 : 0000;
  14482 : 0000;
  14483 : 0000;
  14484 : 0000;
  14485 : 0000;
  14486 : 0000;
  14487 : 0000;
  14488 : 0000;
  14489 : 0000;
  14490 : 0000;
  14491 : 0000;
  14492 : 0000;
  14493 : 0000;
  14494 : 0000;
  14495 : 0000;
  14496 : 0000;
  14497 : 0000;
  14498 : 0000;
  14499 : 0000;
  14500 : 0000;
  14501 : 0000;
  14502 : 0000;
  14503 : 0000;
  14504 : 0000;
  14505 : 0000;
  14506 : 0000;
  14507 : 0000;
  14508 : 0000;
  14509 : 0000;
  14510 : 0000;
  14511 : 0000;
  14512 : 0000;
  14513 : 0000;
  14514 : 0000;
  14515 : 0000;
  14516 : 0000;
  14517 : 0000;
  14518 : 0000;
  14519 : 0000;
  14520 : 0000;
  14521 : 0000;
  14522 : 0000;
  14523 : 0000;
  14524 : 0000;
  14525 : 0000;
  14526 : 0000;
  14527 : 0000;
  14528 : 0000;
  14529 : 0000;
  14530 : 0000;
  14531 : 0000;
  14532 : 0000;
  14533 : 0000;
  14534 : 0000;
  14535 : 0000;
  14536 : 0000;
  14537 : 0000;
  14538 : 0000;
  14539 : 0000;
  14540 : 0000;
  14541 : 0000;
  14542 : 0000;
  14543 : 0000;
  14544 : 0000;
  14545 : 0000;
  14546 : 0000;
  14547 : 0000;
  14548 : 0000;
  14549 : 0000;
  14550 : 0000;
  14551 : 0000;
  14552 : 0000;
  14553 : 0000;
  14554 : 0000;
  14555 : 0000;
  14556 : 0000;
  14557 : 0000;
  14558 : 0000;
  14559 : 0000;
  14560 : 0000;
  14561 : 0000;
  14562 : 0000;
  14563 : 0000;
  14564 : 0000;
  14565 : 0000;
  14566 : 0000;
  14567 : 0000;
  14568 : 0000;
  14569 : 0000;
  14570 : 0000;
  14571 : 0000;
  14572 : 0000;
  14573 : 0000;
  14574 : 0000;
  14575 : 0000;
  14576 : 0000;
  14577 : 0000;
  14578 : 0000;
  14579 : 0000;
  14580 : 0000;
  14581 : 0000;
  14582 : 0000;
  14583 : 0000;
  14584 : 0000;
  14585 : 0000;
  14586 : 0000;
  14587 : 0000;
  14588 : 0000;
  14589 : 0000;
  14590 : 0000;
  14591 : 0000;
  14592 : 0000;
  14593 : 0000;
  14594 : 0000;
  14595 : 0000;
  14596 : 0000;
  14597 : 0000;
  14598 : 0000;
  14599 : 0000;
  14600 : 0000;
  14601 : 0000;
  14602 : 0000;
  14603 : 0000;
  14604 : 0000;
  14605 : 0000;
  14606 : 0000;
  14607 : 0000;
  14608 : 0000;
  14609 : 0000;
  14610 : 0000;
  14611 : 0000;
  14612 : 0000;
  14613 : 0000;
  14614 : 0000;
  14615 : 0000;
  14616 : 0000;
  14617 : 0000;
  14618 : 0000;
  14619 : 0000;
  14620 : 0000;
  14621 : 0000;
  14622 : 0000;
  14623 : 0000;
  14624 : 0000;
  14625 : 0000;
  14626 : 0000;
  14627 : 0000;
  14628 : 0000;
  14629 : 0000;
  14630 : 0000;
  14631 : 0000;
  14632 : 0000;
  14633 : 0000;
  14634 : 0000;
  14635 : 0000;
  14636 : 0000;
  14637 : 0000;
  14638 : 0000;
  14639 : 0000;
  14640 : 0000;
  14641 : 0000;
  14642 : 0000;
  14643 : 0000;
  14644 : 0000;
  14645 : 0000;
  14646 : 0000;
  14647 : 0000;
  14648 : 0000;
  14649 : 0000;
  14650 : 0000;
  14651 : 0000;
  14652 : 0000;
  14653 : 0000;
  14654 : 0000;
  14655 : 0000;
  14656 : 0000;
  14657 : 0000;
  14658 : 0000;
  14659 : 0000;
  14660 : 0000;
  14661 : 0000;
  14662 : 0000;
  14663 : 0000;
  14664 : 0000;
  14665 : 0000;
  14666 : 0000;
  14667 : 0000;
  14668 : 0000;
  14669 : 0000;
  14670 : 0000;
  14671 : 0000;
  14672 : 0000;
  14673 : 0000;
  14674 : 0000;
  14675 : 0000;
  14676 : 0000;
  14677 : 0000;
  14678 : 0000;
  14679 : 0000;
  14680 : 0000;
  14681 : 0000;
  14682 : 0000;
  14683 : 0000;
  14684 : 0000;
  14685 : 0000;
  14686 : 0000;
  14687 : 0000;
  14688 : 0000;
  14689 : 0000;
  14690 : 0000;
  14691 : 0000;
  14692 : 0000;
  14693 : 0000;
  14694 : 0000;
  14695 : 0000;
  14696 : 0000;
  14697 : 0000;
  14698 : 0000;
  14699 : 0000;
  14700 : 0000;
  14701 : 0000;
  14702 : 0000;
  14703 : 0000;
  14704 : 0000;
  14705 : 0000;
  14706 : 0000;
  14707 : 0000;
  14708 : 0000;
  14709 : 0000;
  14710 : 0000;
  14711 : 0000;
  14712 : 0000;
  14713 : 0000;
  14714 : 0000;
  14715 : 0000;
  14716 : 0000;
  14717 : 0000;
  14718 : 0000;
  14719 : 0000;
  14720 : 0000;
  14721 : 0000;
  14722 : 0000;
  14723 : 0000;
  14724 : 0000;
  14725 : 0000;
  14726 : 0000;
  14727 : 0000;
  14728 : 0000;
  14729 : 0000;
  14730 : 0000;
  14731 : 0000;
  14732 : 0000;
  14733 : 0000;
  14734 : 0000;
  14735 : 0000;
  14736 : 0000;
  14737 : 0000;
  14738 : 0000;
  14739 : 0000;
  14740 : 0000;
  14741 : 0000;
  14742 : 0000;
  14743 : 0000;
  14744 : 0000;
  14745 : 0000;
  14746 : 0000;
  14747 : 0000;
  14748 : 0000;
  14749 : 0000;
  14750 : 0000;
  14751 : 0000;
  14752 : 0000;
  14753 : 0000;
  14754 : 0000;
  14755 : 0000;
  14756 : 0000;
  14757 : 0000;
  14758 : 0000;
  14759 : 0000;
  14760 : 0000;
  14761 : 0000;
  14762 : 0000;
  14763 : 0000;
  14764 : 0000;
  14765 : 0000;
  14766 : 0000;
  14767 : 0000;
  14768 : 0000;
  14769 : 0000;
  14770 : 0000;
  14771 : 0000;
  14772 : 0000;
  14773 : 0000;
  14774 : 0000;
  14775 : 0000;
  14776 : 0000;
  14777 : 0000;
  14778 : 0000;
  14779 : 0000;
  14780 : 0000;
  14781 : 0000;
  14782 : 0000;
  14783 : 0000;
  14784 : 0000;
  14785 : 0000;
  14786 : 0000;
  14787 : 0000;
  14788 : 0000;
  14789 : 0000;
  14790 : 0000;
  14791 : 0000;
  14792 : 0000;
  14793 : 0000;
  14794 : 0000;
  14795 : 0000;
  14796 : 0000;
  14797 : 0000;
  14798 : 0000;
  14799 : 0000;
  14800 : 0000;
  14801 : 0000;
  14802 : 0000;
  14803 : 0000;
  14804 : 0000;
  14805 : 0000;
  14806 : 0000;
  14807 : 0000;
  14808 : 0000;
  14809 : 0000;
  14810 : 0000;
  14811 : 0000;
  14812 : 0000;
  14813 : 0000;
  14814 : 0000;
  14815 : 0000;
  14816 : 0000;
  14817 : 0000;
  14818 : 0000;
  14819 : 0000;
  14820 : 0000;
  14821 : 0000;
  14822 : 0000;
  14823 : 0000;
  14824 : 0000;
  14825 : 0000;
  14826 : 0000;
  14827 : 0000;
  14828 : 0000;
  14829 : 0000;
  14830 : 0000;
  14831 : 0000;
  14832 : 0000;
  14833 : 0000;
  14834 : 0000;
  14835 : 0000;
  14836 : 0000;
  14837 : 0000;
  14838 : 0000;
  14839 : 0000;
  14840 : 0000;
  14841 : 0000;
  14842 : 0000;
  14843 : 0000;
  14844 : 0000;
  14845 : 0000;
  14846 : 0000;
  14847 : 0000;
  14848 : 0000;
  14849 : 0000;
  14850 : 0000;
  14851 : 0000;
  14852 : 0000;
  14853 : 0000;
  14854 : 0000;
  14855 : 0000;
  14856 : 0000;
  14857 : 0000;
  14858 : 0000;
  14859 : 0000;
  14860 : 0000;
  14861 : 0000;
  14862 : 0000;
  14863 : 0000;
  14864 : 0000;
  14865 : 0000;
  14866 : 0000;
  14867 : 0000;
  14868 : 0000;
  14869 : 0000;
  14870 : 0000;
  14871 : 0000;
  14872 : 0000;
  14873 : 0000;
  14874 : 0000;
  14875 : 0000;
  14876 : 0000;
  14877 : 0000;
  14878 : 0000;
  14879 : 0000;
  14880 : 0000;
  14881 : 0000;
  14882 : 0000;
  14883 : 0000;
  14884 : 0000;
  14885 : 0000;
  14886 : 0000;
  14887 : 0000;
  14888 : 0000;
  14889 : 0000;
  14890 : 0000;
  14891 : 0000;
  14892 : 0000;
  14893 : 0000;
  14894 : 0000;
  14895 : 0000;
  14896 : 0000;
  14897 : 0000;
  14898 : 0000;
  14899 : 0000;
  14900 : 0000;
  14901 : 0000;
  14902 : 0000;
  14903 : 0000;
  14904 : 0000;
  14905 : 0000;
  14906 : 0000;
  14907 : 0000;
  14908 : 0000;
  14909 : 0000;
  14910 : 0000;
  14911 : 0000;
  14912 : 0000;
  14913 : 0000;
  14914 : 0000;
  14915 : 0000;
  14916 : 0000;
  14917 : 0000;
  14918 : 0000;
  14919 : 0000;
  14920 : 0000;
  14921 : 0000;
  14922 : 0000;
  14923 : 0000;
  14924 : 0000;
  14925 : 0000;
  14926 : 0000;
  14927 : 0000;
  14928 : 0000;
  14929 : 0000;
  14930 : 0000;
  14931 : 0000;
  14932 : 0000;
  14933 : 0000;
  14934 : 0000;
  14935 : 0000;
  14936 : 0000;
  14937 : 0000;
  14938 : 0000;
  14939 : 0000;
  14940 : 0000;
  14941 : 0000;
  14942 : 0000;
  14943 : 0000;
  14944 : 0000;
  14945 : 0000;
  14946 : 0000;
  14947 : 0000;
  14948 : 0000;
  14949 : 0000;
  14950 : 0000;
  14951 : 0000;
  14952 : 0000;
  14953 : 0000;
  14954 : 0000;
  14955 : 0000;
  14956 : 0000;
  14957 : 0000;
  14958 : 0000;
  14959 : 0000;
  14960 : 0000;
  14961 : 0000;
  14962 : 0000;
  14963 : 0000;
  14964 : 0000;
  14965 : 0000;
  14966 : 0000;
  14967 : 0000;
  14968 : 0000;
  14969 : 0000;
  14970 : 0000;
  14971 : 0000;
  14972 : 0000;
  14973 : 0000;
  14974 : 0000;
  14975 : 0000;
  14976 : 0000;
  14977 : 0000;
  14978 : 0000;
  14979 : 0000;
  14980 : 0000;
  14981 : 0000;
  14982 : 0000;
  14983 : 0000;
  14984 : 0000;
  14985 : 0000;
  14986 : 0000;
  14987 : 0000;
  14988 : 0000;
  14989 : 0000;
  14990 : 0000;
  14991 : 0000;
  14992 : 0000;
  14993 : 0000;
  14994 : 0000;
  14995 : 0000;
  14996 : 0000;
  14997 : 0000;
  14998 : 0000;
  14999 : 0000;
  15000 : 0000;
  15001 : 0000;
  15002 : 0000;
  15003 : 0000;
  15004 : 0000;
  15005 : 0000;
  15006 : 0000;
  15007 : 0000;
  15008 : 0000;
  15009 : 0000;
  15010 : 0000;
  15011 : 0000;
  15012 : 0000;
  15013 : 0000;
  15014 : 0000;
  15015 : 0000;
  15016 : 0000;
  15017 : 0000;
  15018 : 0000;
  15019 : 0000;
  15020 : 0000;
  15021 : 0000;
  15022 : 0000;
  15023 : 0000;
  15024 : 0000;
  15025 : 0000;
  15026 : 0000;
  15027 : 0000;
  15028 : 0000;
  15029 : 0000;
  15030 : 0000;
  15031 : 0000;
  15032 : 0000;
  15033 : 0000;
  15034 : 0000;
  15035 : 0000;
  15036 : 0000;
  15037 : 0000;
  15038 : 0000;
  15039 : 0000;
  15040 : 0000;
  15041 : 0000;
  15042 : 0000;
  15043 : 0000;
  15044 : 0000;
  15045 : 0000;
  15046 : 0000;
  15047 : 0000;
  15048 : 0000;
  15049 : 0000;
  15050 : 0000;
  15051 : 0000;
  15052 : 0000;
  15053 : 0000;
  15054 : 0000;
  15055 : 0000;
  15056 : 0000;
  15057 : 0000;
  15058 : 0000;
  15059 : 0000;
  15060 : 0000;
  15061 : 0000;
  15062 : 0000;
  15063 : 0000;
  15064 : 0000;
  15065 : 0000;
  15066 : 0000;
  15067 : 0000;
  15068 : 0000;
  15069 : 0000;
  15070 : 0000;
  15071 : 0000;
  15072 : 0000;
  15073 : 0000;
  15074 : 0000;
  15075 : 0000;
  15076 : 0000;
  15077 : 0000;
  15078 : 0000;
  15079 : 0000;
  15080 : 0000;
  15081 : 0000;
  15082 : 0000;
  15083 : 0000;
  15084 : 0000;
  15085 : 0000;
  15086 : 0000;
  15087 : 0000;
  15088 : 0000;
  15089 : 0000;
  15090 : 0000;
  15091 : 0000;
  15092 : 0000;
  15093 : 0000;
  15094 : 0000;
  15095 : 0000;
  15096 : 0000;
  15097 : 0000;
  15098 : 0000;
  15099 : 0000;
  15100 : 0000;
  15101 : 0000;
  15102 : 0000;
  15103 : 0000;
  15104 : 0000;
  15105 : 0000;
  15106 : 0000;
  15107 : 0000;
  15108 : 0000;
  15109 : 0000;
  15110 : 0000;
  15111 : 0000;
  15112 : 0000;
  15113 : 0000;
  15114 : 0000;
  15115 : 0000;
  15116 : 0000;
  15117 : 0000;
  15118 : 0000;
  15119 : 0000;
  15120 : 0000;
  15121 : 0000;
  15122 : 0000;
  15123 : 0000;
  15124 : 0000;
  15125 : 0000;
  15126 : 0000;
  15127 : 0000;
  15128 : 0000;
  15129 : 0000;
  15130 : 0000;
  15131 : 0000;
  15132 : 0000;
  15133 : 0000;
  15134 : 0000;
  15135 : 0000;
  15136 : 0000;
  15137 : 0000;
  15138 : 0000;
  15139 : 0000;
  15140 : 0000;
  15141 : 0000;
  15142 : 0000;
  15143 : 0000;
  15144 : 0000;
  15145 : 0000;
  15146 : 0000;
  15147 : 0000;
  15148 : 0000;
  15149 : 0000;
  15150 : 0000;
  15151 : 0000;
  15152 : 0000;
  15153 : 0000;
  15154 : 0000;
  15155 : 0000;
  15156 : 0000;
  15157 : 0000;
  15158 : 0000;
  15159 : 0000;
  15160 : 0000;
  15161 : 0000;
  15162 : 0000;
  15163 : 0000;
  15164 : 0000;
  15165 : 0000;
  15166 : 0000;
  15167 : 0000;
  15168 : 0000;
  15169 : 0000;
  15170 : 0000;
  15171 : 0000;
  15172 : 0000;
  15173 : 0000;
  15174 : 0000;
  15175 : 0000;
  15176 : 0000;
  15177 : 0000;
  15178 : 0000;
  15179 : 0000;
  15180 : 0000;
  15181 : 0000;
  15182 : 0000;
  15183 : 0000;
  15184 : 0000;
  15185 : 0000;
  15186 : 0000;
  15187 : 0000;
  15188 : 0000;
  15189 : 0000;
  15190 : 0000;
  15191 : 0000;
  15192 : 0000;
  15193 : 0000;
  15194 : 0000;
  15195 : 0000;
  15196 : 0000;
  15197 : 0000;
  15198 : 0000;
  15199 : 0000;
  15200 : 0000;
  15201 : 0000;
  15202 : 0000;
  15203 : 0000;
  15204 : 0000;
  15205 : 0000;
  15206 : 0000;
  15207 : 0000;
  15208 : 0000;
  15209 : 0000;
  15210 : 0000;
  15211 : 0000;
  15212 : 0000;
  15213 : 0000;
  15214 : 0000;
  15215 : 0000;
  15216 : 0000;
  15217 : 0000;
  15218 : 0000;
  15219 : 0000;
  15220 : 0000;
  15221 : 0000;
  15222 : 0000;
  15223 : 0000;
  15224 : 0000;
  15225 : 0000;
  15226 : 0000;
  15227 : 0000;
  15228 : 0000;
  15229 : 0000;
  15230 : 0000;
  15231 : 0000;
  15232 : 0000;
  15233 : 0000;
  15234 : 0000;
  15235 : 0000;
  15236 : 0000;
  15237 : 0000;
  15238 : 0000;
  15239 : 0000;
  15240 : 0000;
  15241 : 0000;
  15242 : 0000;
  15243 : 0000;
  15244 : 0000;
  15245 : 0000;
  15246 : 0000;
  15247 : 0000;
  15248 : 0000;
  15249 : 0000;
  15250 : 0000;
  15251 : 0000;
  15252 : 0000;
  15253 : 0000;
  15254 : 0000;
  15255 : 0000;
  15256 : 0000;
  15257 : 0000;
  15258 : 0000;
  15259 : 0000;
  15260 : 0000;
  15261 : 0000;
  15262 : 0000;
  15263 : 0000;
  15264 : 0000;
  15265 : 0000;
  15266 : 0000;
  15267 : 0000;
  15268 : 0000;
  15269 : 0000;
  15270 : 0000;
  15271 : 0000;
  15272 : 0000;
  15273 : 0000;
  15274 : 0000;
  15275 : 0000;
  15276 : 0000;
  15277 : 0000;
  15278 : 0000;
  15279 : 0000;
  15280 : 0000;
  15281 : 0000;
  15282 : 0000;
  15283 : 0000;
  15284 : 0000;
  15285 : 0000;
  15286 : 0000;
  15287 : 0000;
  15288 : 0000;
  15289 : 0000;
  15290 : 0000;
  15291 : 0000;
  15292 : 0000;
  15293 : 0000;
  15294 : 0000;
  15295 : 0000;
  15296 : 0000;
  15297 : 0000;
  15298 : 0000;
  15299 : 0000;
  15300 : 0000;
  15301 : 0000;
  15302 : 0000;
  15303 : 0000;
  15304 : 0000;
  15305 : 0000;
  15306 : 0000;
  15307 : 0000;
  15308 : 0000;
  15309 : 0000;
  15310 : 0000;
  15311 : 0000;
  15312 : 0000;
  15313 : 0000;
  15314 : 0000;
  15315 : 0000;
  15316 : 0000;
  15317 : 0000;
  15318 : 0000;
  15319 : 0000;
  15320 : 0000;
  15321 : 0000;
  15322 : 0000;
  15323 : 0000;
  15324 : 0000;
  15325 : 0000;
  15326 : 0000;
  15327 : 0000;
  15328 : 0000;
  15329 : 0000;
  15330 : 0000;
  15331 : 0000;
  15332 : 0000;
  15333 : 0000;
  15334 : 0000;
  15335 : 0000;
  15336 : 0000;
  15337 : 0000;
  15338 : 0000;
  15339 : 0000;
  15340 : 0000;
  15341 : 0000;
  15342 : 0000;
  15343 : 0000;
  15344 : 0000;
  15345 : 0000;
  15346 : 0000;
  15347 : 0000;
  15348 : 0000;
  15349 : 0000;
  15350 : 0000;
  15351 : 0000;
  15352 : 0000;
  15353 : 0000;
  15354 : 0000;
  15355 : 0000;
  15356 : 0000;
  15357 : 0000;
  15358 : 0000;
  15359 : 0000;
  15360 : 0000;
  15361 : 0000;
  15362 : 0000;
  15363 : 0000;
  15364 : 0000;
  15365 : 0000;
  15366 : 0000;
  15367 : 0000;
  15368 : 0000;
  15369 : 0000;
  15370 : 0000;
  15371 : 0000;
  15372 : 0000;
  15373 : 0000;
  15374 : 0000;
  15375 : 0000;
  15376 : 0000;
  15377 : 0000;
  15378 : 0000;
  15379 : 0000;
  15380 : 0000;
  15381 : 0000;
  15382 : 0000;
  15383 : 0000;
  15384 : 0000;
  15385 : 0000;
  15386 : 0000;
  15387 : 0000;
  15388 : 0000;
  15389 : 0000;
  15390 : 0000;
  15391 : 0000;
  15392 : 0000;
  15393 : 0000;
  15394 : 0000;
  15395 : 0000;
  15396 : 0000;
  15397 : 0000;
  15398 : 0000;
  15399 : 0000;
  15400 : 0000;
  15401 : 0000;
  15402 : 0000;
  15403 : 0000;
  15404 : 0000;
  15405 : 0000;
  15406 : 0000;
  15407 : 0000;
  15408 : 0000;
  15409 : 0000;
  15410 : 0000;
  15411 : 0000;
  15412 : 0000;
  15413 : 0000;
  15414 : 0000;
  15415 : 0000;
  15416 : 0000;
  15417 : 0000;
  15418 : 0000;
  15419 : 0000;
  15420 : 0000;
  15421 : 0000;
  15422 : 0000;
  15423 : 0000;
  15424 : 0000;
  15425 : 0000;
  15426 : 0000;
  15427 : 0000;
  15428 : 0000;
  15429 : 0000;
  15430 : 0000;
  15431 : 0000;
  15432 : 0000;
  15433 : 0000;
  15434 : 0000;
  15435 : 0000;
  15436 : 0000;
  15437 : 0000;
  15438 : 0000;
  15439 : 0000;
  15440 : 0000;
  15441 : 0000;
  15442 : 0000;
  15443 : 0000;
  15444 : 0000;
  15445 : 0000;
  15446 : 0000;
  15447 : 0000;
  15448 : 0000;
  15449 : 0000;
  15450 : 0000;
  15451 : 0000;
  15452 : 0000;
  15453 : 0000;
  15454 : 0000;
  15455 : 0000;
  15456 : 0000;
  15457 : 0000;
  15458 : 0000;
  15459 : 0000;
  15460 : 0000;
  15461 : 0000;
  15462 : 0000;
  15463 : 0000;
  15464 : 0000;
  15465 : 0000;
  15466 : 0000;
  15467 : 0000;
  15468 : 0000;
  15469 : 0000;
  15470 : 0000;
  15471 : 0000;
  15472 : 0000;
  15473 : 0000;
  15474 : 0000;
  15475 : 0000;
  15476 : 0000;
  15477 : 0000;
  15478 : 0000;
  15479 : 0000;
  15480 : 0000;
  15481 : 0000;
  15482 : 0000;
  15483 : 0000;
  15484 : 0000;
  15485 : 0000;
  15486 : 0000;
  15487 : 0000;
  15488 : 0000;
  15489 : 0000;
  15490 : 0000;
  15491 : 0000;
  15492 : 0000;
  15493 : 0000;
  15494 : 0000;
  15495 : 0000;
  15496 : 0000;
  15497 : 0000;
  15498 : 0000;
  15499 : 0000;
  15500 : 0000;
  15501 : 0000;
  15502 : 0000;
  15503 : 0000;
  15504 : 0000;
  15505 : 0000;
  15506 : 0000;
  15507 : 0000;
  15508 : 0000;
  15509 : 0000;
  15510 : 0000;
  15511 : 0000;
  15512 : 0000;
  15513 : 0000;
  15514 : 0000;
  15515 : 0000;
  15516 : 0000;
  15517 : 0000;
  15518 : 0000;
  15519 : 0000;
  15520 : 0000;
  15521 : 0000;
  15522 : 0000;
  15523 : 0000;
  15524 : 0000;
  15525 : 0000;
  15526 : 0000;
  15527 : 0000;
  15528 : 0000;
  15529 : 0000;
  15530 : 0000;
  15531 : 0000;
  15532 : 0000;
  15533 : 0000;
  15534 : 0000;
  15535 : 0000;
  15536 : 0000;
  15537 : 0000;
  15538 : 0000;
  15539 : 0000;
  15540 : 0000;
  15541 : 0000;
  15542 : 0000;
  15543 : 0000;
  15544 : 0000;
  15545 : 0000;
  15546 : 0000;
  15547 : 0000;
  15548 : 0000;
  15549 : 0000;
  15550 : 0000;
  15551 : 0000;
  15552 : 0000;
  15553 : 0000;
  15554 : 0000;
  15555 : 0000;
  15556 : 0000;
  15557 : 0000;
  15558 : 0000;
  15559 : 0000;
  15560 : 0000;
  15561 : 0000;
  15562 : 0000;
  15563 : 0000;
  15564 : 0000;
  15565 : 0000;
  15566 : 0000;
  15567 : 0000;
  15568 : 0000;
  15569 : 0000;
  15570 : 0000;
  15571 : 0000;
  15572 : 0000;
  15573 : 0000;
  15574 : 0000;
  15575 : 0000;
  15576 : 0000;
  15577 : 0000;
  15578 : 0000;
  15579 : 0000;
  15580 : 0000;
  15581 : 0000;
  15582 : 0000;
  15583 : 0000;
  15584 : 0000;
  15585 : 0000;
  15586 : 0000;
  15587 : 0000;
  15588 : 0000;
  15589 : 0000;
  15590 : 0000;
  15591 : 0000;
  15592 : 0000;
  15593 : 0000;
  15594 : 0000;
  15595 : 0000;
  15596 : 0000;
  15597 : 0000;
  15598 : 0000;
  15599 : 0000;
  15600 : 0000;
  15601 : 0000;
  15602 : 0000;
  15603 : 0000;
  15604 : 0000;
  15605 : 0000;
  15606 : 0000;
  15607 : 0000;
  15608 : 0000;
  15609 : 0000;
  15610 : 0000;
  15611 : 0000;
  15612 : 0000;
  15613 : 0000;
  15614 : 0000;
  15615 : 0000;
  15616 : 0000;
  15617 : 0000;
  15618 : 0000;
  15619 : 0000;
  15620 : 0000;
  15621 : 0000;
  15622 : 0000;
  15623 : 0000;
  15624 : 0000;
  15625 : 0000;
  15626 : 0000;
  15627 : 0000;
  15628 : 0000;
  15629 : 0000;
  15630 : 0000;
  15631 : 0000;
  15632 : 0000;
  15633 : 0000;
  15634 : 0000;
  15635 : 0000;
  15636 : 0000;
  15637 : 0000;
  15638 : 0000;
  15639 : 0000;
  15640 : 0000;
  15641 : 0000;
  15642 : 0000;
  15643 : 0000;
  15644 : 0000;
  15645 : 0000;
  15646 : 0000;
  15647 : 0000;
  15648 : 0000;
  15649 : 0000;
  15650 : 0000;
  15651 : 0000;
  15652 : 0000;
  15653 : 0000;
  15654 : 0000;
  15655 : 0000;
  15656 : 0000;
  15657 : 0000;
  15658 : 0000;
  15659 : 0000;
  15660 : 0000;
  15661 : 0000;
  15662 : 0000;
  15663 : 0000;
  15664 : 0000;
  15665 : 0000;
  15666 : 0000;
  15667 : 0000;
  15668 : 0000;
  15669 : 0000;
  15670 : 0000;
  15671 : 0000;
  15672 : 0000;
  15673 : 0000;
  15674 : 0000;
  15675 : 0000;
  15676 : 0000;
  15677 : 0000;
  15678 : 0000;
  15679 : 0000;
  15680 : 0000;
  15681 : 0000;
  15682 : 0000;
  15683 : 0000;
  15684 : 0000;
  15685 : 0000;
  15686 : 0000;
  15687 : 0000;
  15688 : 0000;
  15689 : 0000;
  15690 : 0000;
  15691 : 0000;
  15692 : 0000;
  15693 : 0000;
  15694 : 0000;
  15695 : 0000;
  15696 : 0000;
  15697 : 0000;
  15698 : 0000;
  15699 : 0000;
  15700 : 0000;
  15701 : 0000;
  15702 : 0000;
  15703 : 0000;
  15704 : 0000;
  15705 : 0000;
  15706 : 0000;
  15707 : 0000;
  15708 : 0000;
  15709 : 0000;
  15710 : 0000;
  15711 : 0000;
  15712 : 0000;
  15713 : 0000;
  15714 : 0000;
  15715 : 0000;
  15716 : 0000;
  15717 : 0000;
  15718 : 0000;
  15719 : 0000;
  15720 : 0000;
  15721 : 0000;
  15722 : 0000;
  15723 : 0000;
  15724 : 0000;
  15725 : 0000;
  15726 : 0000;
  15727 : 0000;
  15728 : 0000;
  15729 : 0000;
  15730 : 0000;
  15731 : 0000;
  15732 : 0000;
  15733 : 0000;
  15734 : 0000;
  15735 : 0000;
  15736 : 0000;
  15737 : 0000;
  15738 : 0000;
  15739 : 0000;
  15740 : 0000;
  15741 : 0000;
  15742 : 0000;
  15743 : 0000;
  15744 : 0000;
  15745 : 0000;
  15746 : 0000;
  15747 : 0000;
  15748 : 0000;
  15749 : 0000;
  15750 : 0000;
  15751 : 0000;
  15752 : 0000;
  15753 : 0000;
  15754 : 0000;
  15755 : 0000;
  15756 : 0000;
  15757 : 0000;
  15758 : 0000;
  15759 : 0000;
  15760 : 0000;
  15761 : 0000;
  15762 : 0000;
  15763 : 0000;
  15764 : 0000;
  15765 : 0000;
  15766 : 0000;
  15767 : 0000;
  15768 : 0000;
  15769 : 0000;
  15770 : 0000;
  15771 : 0000;
  15772 : 0000;
  15773 : 0000;
  15774 : 0000;
  15775 : 0000;
  15776 : 0000;
  15777 : 0000;
  15778 : 0000;
  15779 : 0000;
  15780 : 0000;
  15781 : 0000;
  15782 : 0000;
  15783 : 0000;
  15784 : 0000;
  15785 : 0000;
  15786 : 0000;
  15787 : 0000;
  15788 : 0000;
  15789 : 0000;
  15790 : 0000;
  15791 : 0000;
  15792 : 0000;
  15793 : 0000;
  15794 : 0000;
  15795 : 0000;
  15796 : 0000;
  15797 : 0000;
  15798 : 0000;
  15799 : 0000;
  15800 : 0000;
  15801 : 0000;
  15802 : 0000;
  15803 : 0000;
  15804 : 0000;
  15805 : 0000;
  15806 : 0000;
  15807 : 0000;
  15808 : 0000;
  15809 : 0000;
  15810 : 0000;
  15811 : 0000;
  15812 : 0000;
  15813 : 0000;
  15814 : 0000;
  15815 : 0000;
  15816 : 0000;
  15817 : 0000;
  15818 : 0000;
  15819 : 0000;
  15820 : 0000;
  15821 : 0000;
  15822 : 0000;
  15823 : 0000;
  15824 : 0000;
  15825 : 0000;
  15826 : 0000;
  15827 : 0000;
  15828 : 0000;
  15829 : 0000;
  15830 : 0000;
  15831 : 0000;
  15832 : 0000;
  15833 : 0000;
  15834 : 0000;
  15835 : 0000;
  15836 : 0000;
  15837 : 0000;
  15838 : 0000;
  15839 : 0000;
  15840 : 0000;
  15841 : 0000;
  15842 : 0000;
  15843 : 0000;
  15844 : 0000;
  15845 : 0000;
  15846 : 0000;
  15847 : 0000;
  15848 : 0000;
  15849 : 0000;
  15850 : 0000;
  15851 : 0000;
  15852 : 0000;
  15853 : 0000;
  15854 : 0000;
  15855 : 0000;
  15856 : 0000;
  15857 : 0000;
  15858 : 0000;
  15859 : 0000;
  15860 : 0000;
  15861 : 0000;
  15862 : 0000;
  15863 : 0000;
  15864 : 0000;
  15865 : 0000;
  15866 : 0000;
  15867 : 0000;
  15868 : 0000;
  15869 : 0000;
  15870 : 0000;
  15871 : 0000;
  15872 : 0000;
  15873 : 0000;
  15874 : 0000;
  15875 : 0000;
  15876 : 0000;
  15877 : 0000;
  15878 : 0000;
  15879 : 0000;
  15880 : 0000;
  15881 : 0000;
  15882 : 0000;
  15883 : 0000;
  15884 : 0000;
  15885 : 0000;
  15886 : 0000;
  15887 : 0000;
  15888 : 0000;
  15889 : 0000;
  15890 : 0000;
  15891 : 0000;
  15892 : 0000;
  15893 : 0000;
  15894 : 0000;
  15895 : 0000;
  15896 : 0000;
  15897 : 0000;
  15898 : 0000;
  15899 : 0000;
  15900 : 0000;
  15901 : 0000;
  15902 : 0000;
  15903 : 0000;
  15904 : 0000;
  15905 : 0000;
  15906 : 0000;
  15907 : 0000;
  15908 : 0000;
  15909 : 0000;
  15910 : 0000;
  15911 : 0000;
  15912 : 0000;
  15913 : 0000;
  15914 : 0000;
  15915 : 0000;
  15916 : 0000;
  15917 : 0000;
  15918 : 0000;
  15919 : 0000;
  15920 : 0000;
  15921 : 0000;
  15922 : 0000;
  15923 : 0000;
  15924 : 0000;
  15925 : 0000;
  15926 : 0000;
  15927 : 0000;
  15928 : 0000;
  15929 : 0000;
  15930 : 0000;
  15931 : 0000;
  15932 : 0000;
  15933 : 0000;
  15934 : 0000;
  15935 : 0000;
  15936 : 0000;
  15937 : 0000;
  15938 : 0000;
  15939 : 0000;
  15940 : 0000;
  15941 : 0000;
  15942 : 0000;
  15943 : 0000;
  15944 : 0000;
  15945 : 0000;
  15946 : 0000;
  15947 : 0000;
  15948 : 0000;
  15949 : 0000;
  15950 : 0000;
  15951 : 0000;
  15952 : 0000;
  15953 : 0000;
  15954 : 0000;
  15955 : 0000;
  15956 : 0000;
  15957 : 0000;
  15958 : 0000;
  15959 : 0000;
  15960 : 0000;
  15961 : 0000;
  15962 : 0000;
  15963 : 0000;
  15964 : 0000;
  15965 : 0000;
  15966 : 0000;
  15967 : 0000;
  15968 : 0000;
  15969 : 0000;
  15970 : 0000;
  15971 : 0000;
  15972 : 0000;
  15973 : 0000;
  15974 : 0000;
  15975 : 0000;
  15976 : 0000;
  15977 : 0000;
  15978 : 0000;
  15979 : 0000;
  15980 : 0000;
  15981 : 0000;
  15982 : 0000;
  15983 : 0000;
  15984 : 0000;
  15985 : 0000;
  15986 : 0000;
  15987 : 0000;
  15988 : 0000;
  15989 : 0000;
  15990 : 0000;
  15991 : 0000;
  15992 : 0000;
  15993 : 0000;
  15994 : 0000;
  15995 : 0000;
  15996 : 0000;
  15997 : 0000;
  15998 : 0000;
  15999 : 0000;
  16000 : 0000;
  16001 : 0000;
  16002 : 0000;
  16003 : 0000;
  16004 : 0000;
  16005 : 0000;
  16006 : 0000;
  16007 : 0000;
  16008 : 0000;
  16009 : 0000;
  16010 : 0000;
  16011 : 0000;
  16012 : 0000;
  16013 : 0000;
  16014 : 0000;
  16015 : 0000;
  16016 : 0000;
  16017 : 0000;
  16018 : 0000;
  16019 : 0000;
  16020 : 0000;
  16021 : 0000;
  16022 : 0000;
  16023 : 0000;
  16024 : 0000;
  16025 : 0000;
  16026 : 0000;
  16027 : 0000;
  16028 : 0000;
  16029 : 0000;
  16030 : 0000;
  16031 : 0000;
  16032 : 0000;
  16033 : 0000;
  16034 : 0000;
  16035 : 0000;
  16036 : 0000;
  16037 : 0000;
  16038 : 0000;
  16039 : 0000;
  16040 : 0000;
  16041 : 0000;
  16042 : 0000;
  16043 : 0000;
  16044 : 0000;
  16045 : 0000;
  16046 : 0000;
  16047 : 0000;
  16048 : 0000;
  16049 : 0000;
  16050 : 0000;
  16051 : 0000;
  16052 : 0000;
  16053 : 0000;
  16054 : 0000;
  16055 : 0000;
  16056 : 0000;
  16057 : 0000;
  16058 : 0000;
  16059 : 0000;
  16060 : 0000;
  16061 : 0000;
  16062 : 0000;
  16063 : 0000;
  16064 : 0000;
  16065 : 0000;
  16066 : 0000;
  16067 : 0000;
  16068 : 0000;
  16069 : 0000;
  16070 : 0000;
  16071 : 0000;
  16072 : 0000;
  16073 : 0000;
  16074 : 0000;
  16075 : 0000;
  16076 : 0000;
  16077 : 0000;
  16078 : 0000;
  16079 : 0000;
  16080 : 0000;
  16081 : 0000;
  16082 : 0000;
  16083 : 0000;
  16084 : 0000;
  16085 : 0000;
  16086 : 0000;
  16087 : 0000;
  16088 : 0000;
  16089 : 0000;
  16090 : 0000;
  16091 : 0000;
  16092 : 0000;
  16093 : 0000;
  16094 : 0000;
  16095 : 0000;
  16096 : 0000;
  16097 : 0000;
  16098 : 0000;
  16099 : 0000;
  16100 : 0000;
  16101 : 0000;
  16102 : 0000;
  16103 : 0000;
  16104 : 0000;
  16105 : 0000;
  16106 : 0000;
  16107 : 0000;
  16108 : 0000;
  16109 : 0000;
  16110 : 0000;
  16111 : 0000;
  16112 : 0000;
  16113 : 0000;
  16114 : 0000;
  16115 : 0000;
  16116 : 0000;
  16117 : 0000;
  16118 : 0000;
  16119 : 0000;
  16120 : 0000;
  16121 : 0000;
  16122 : 0000;
  16123 : 0000;
  16124 : 0000;
  16125 : 0000;
  16126 : 0000;
  16127 : 0000;
  16128 : 0000;
  16129 : 0000;
  16130 : 0000;
  16131 : 0000;
  16132 : 0000;
  16133 : 0000;
  16134 : 0000;
  16135 : 0000;
  16136 : 0000;
  16137 : 0000;
  16138 : 0000;
  16139 : 0000;
  16140 : 0000;
  16141 : 0000;
  16142 : 0000;
  16143 : 0000;
  16144 : 0000;
  16145 : 0000;
  16146 : 0000;
  16147 : 0000;
  16148 : 0000;
  16149 : 0000;
  16150 : 0000;
  16151 : 0000;
  16152 : 0000;
  16153 : 0000;
  16154 : 0000;
  16155 : 0000;
  16156 : 0000;
  16157 : 0000;
  16158 : 0000;
  16159 : 0000;
  16160 : 0000;
  16161 : 0000;
  16162 : 0000;
  16163 : 0000;
  16164 : 0000;
  16165 : 0000;
  16166 : 0000;
  16167 : 0000;
  16168 : 0000;
  16169 : 0000;
  16170 : 0000;
  16171 : 0000;
  16172 : 0000;
  16173 : 0000;
  16174 : 0000;
  16175 : 0000;
  16176 : 0000;
  16177 : 0000;
  16178 : 0000;
  16179 : 0000;
  16180 : 0000;
  16181 : 0000;
  16182 : 0000;
  16183 : 0000;
  16184 : 0000;
  16185 : 0000;
  16186 : 0000;
  16187 : 0000;
  16188 : 0000;
  16189 : 0000;
  16190 : 0000;
  16191 : 0000;
  16192 : 0000;
  16193 : 0000;
  16194 : 0000;
  16195 : 0000;
  16196 : 0000;
  16197 : 0000;
  16198 : 0000;
  16199 : 0000;
  16200 : 0000;
  16201 : 0000;
  16202 : 0000;
  16203 : 0000;
  16204 : 0000;
  16205 : 0000;
  16206 : 0000;
  16207 : 0000;
  16208 : 0000;
  16209 : 0000;
  16210 : 0000;
  16211 : 0000;
  16212 : 0000;
  16213 : 0000;
  16214 : 0000;
  16215 : 0000;
  16216 : 0000;
  16217 : 0000;
  16218 : 0000;
  16219 : 0000;
  16220 : 0000;
  16221 : 0000;
  16222 : 0000;
  16223 : 0000;
  16224 : 0000;
  16225 : 0000;
  16226 : 0000;
  16227 : 0000;
  16228 : 0000;
  16229 : 0000;
  16230 : 0000;
  16231 : 0000;
  16232 : 0000;
  16233 : 0000;
  16234 : 0000;
  16235 : 0000;
  16236 : 0000;
  16237 : 0000;
  16238 : 0000;
  16239 : 0000;
  16240 : 0000;
  16241 : 0000;
  16242 : 0000;
  16243 : 0000;
  16244 : 0000;
  16245 : 0000;
  16246 : 0000;
  16247 : 0000;
  16248 : 0000;
  16249 : 0000;
  16250 : 0000;
  16251 : 0000;
  16252 : 0000;
  16253 : 0000;
  16254 : 0000;
  16255 : 0000;
  16256 : 0000;
  16257 : 0000;
  16258 : 0000;
  16259 : 0000;
  16260 : 0000;
  16261 : 0000;
  16262 : 0000;
  16263 : 0000;
  16264 : 0000;
  16265 : 0000;
  16266 : 0000;
  16267 : 0000;
  16268 : 0000;
  16269 : 0000;
  16270 : 0000;
  16271 : 0000;
  16272 : 0000;
  16273 : 0000;
  16274 : 0000;
  16275 : 0000;
  16276 : 0000;
  16277 : 0000;
  16278 : 0000;
  16279 : 0000;
  16280 : 0000;
  16281 : 0000;
  16282 : 0000;
  16283 : 0000;
  16284 : 0000;
  16285 : 0000;
  16286 : 0000;
  16287 : 0000;
  16288 : 0000;
  16289 : 0000;
  16290 : 0000;
  16291 : 0000;
  16292 : 0000;
  16293 : 0000;
  16294 : 0000;
  16295 : 0000;
  16296 : 0000;
  16297 : 0000;
  16298 : 0000;
  16299 : 0000;
  16300 : 0000;
  16301 : 0000;
  16302 : 0000;
  16303 : 0000;
  16304 : 0000;
  16305 : 0000;
  16306 : 0000;
  16307 : 0000;
  16308 : 0000;
  16309 : 0000;
  16310 : 0000;
  16311 : 0000;
  16312 : 0000;
  16313 : 0000;
  16314 : 0000;
  16315 : 0000;
  16316 : 0000;
  16317 : 0000;
  16318 : 0000;
  16319 : 0000;
  16320 : 0000;
  16321 : 0000;
  16322 : 0000;
  16323 : 0000;
  16324 : 0000;
  16325 : 0000;
  16326 : 0000;
  16327 : 0000;
  16328 : 0000;
  16329 : 0000;
  16330 : 0000;
  16331 : 0000;
  16332 : 0000;
  16333 : 0000;
  16334 : 0000;
  16335 : 0000;
  16336 : 0000;
  16337 : 0000;
  16338 : 0000;
  16339 : 0000;
  16340 : 0000;
  16341 : 0000;
  16342 : 0000;
  16343 : 0000;
  16344 : 0000;
  16345 : 0000;
  16346 : 0000;
  16347 : 0000;
  16348 : 0000;
  16349 : 0000;
  16350 : 0000;
  16351 : 0000;
  16352 : 0000;
  16353 : 0000;
  16354 : 0000;
  16355 : 0000;
  16356 : 0000;
  16357 : 0000;
  16358 : 0000;
  16359 : 0000;
  16360 : 0000;
  16361 : 0000;
  16362 : 0000;
  16363 : 0000;
  16364 : 0000;
  16365 : 0000;
  16366 : 0000;
  16367 : 0000;
  16368 : 0000;
  16369 : 0000;
  16370 : 0000;
  16371 : 0000;
  16372 : 0000;
  16373 : 0000;
  16374 : 0000;
  16375 : 0000;
  16376 : 0000;
  16377 : 0000;
  16378 : 0000;
  16379 : 0000;
  16380 : 0000;
  16381 : 0000;
  16382 : 0000;
  16383 : 0000;
END;
